AgencyName,AgencyCategory,FundingSource,ProjectName,Type,Location,LGA,Region,StartYear,CompletionYear,ETC,EstSpendTo20150630,Allocation201516
Fire and Rescue NSW,Police and Justice,State,Gulgong Land and New Station,New Works,Gulgong,Mid-Western Regional,Central West & Orana,2015,2017,920,0,250
Fire and Rescue NSW,Police and Justice,Commonwealth,Henty Land and New Station,New Works,Henty,Greater Hume Shire,Murray-Murrumbidgee,2015,2018,920,0,150
TAFE Commission,Education,Joint,Hunter Institute Newcastle Campus - Customer Service and Industry Development Centre,New Works,Tighes Hill,Newcastle,Hunter,2015,2017,,0,
Department of Education,Education,Private Partnership,Old Kings School Site Primary School (new school),New Works,Parramatta,Parramatta,Metropolitan Sydney,2015,2018,,0,
Department of Justice,Police and Justice,State,Northern Region Correctional Centre,New Works,Grafton,Clarence Valley,North Coast,2015,2019,,0,
Fire and Rescue NSW,Police and Justice,Commonwealth,Batlow Land and New Station,New Works,Batlow,Tumut Shire,Murray-Murrumbidgee,2015,2017,920,0,270
Fire and Rescue NSW,Police and Justice,Joint,Murrurundi Land and New Station,New Works,Murrurundi,Upper Hunter,Hunter,2015,2017,920,0,270
Fire and Rescue NSW,Police and Justice,Private Partnership,Nyngan Land and New Station,New Works,Nyngan,Bogan,Central West & Orana,2015,2017,920,0,270
Museum of Applied Arts and Sciences,Government Services,State,Relocation of Powerhouse Museum to Parramatta,New Works,Parramatta,Parramatta,Metropolitan Sydney,2015,2017,10000,0,5000
New South Wales Electoral Commission,Government Services,Commonwealth,Election Systems Upgrade,Work-In-Progress,Sydney,,,2013,2016,3147,2370,777
New South Wales Electoral Commission,Government Services,Joint,Lobbyist Database,Work-In-Progress,Sydney,,,2014,2016,400,232,168
New South Wales Land and Housing Corporation,Community Services,Private Partnership,Social Housing - New Supply,New Works,Various,,,2015,2019,1122418,0,159878
Ombudsman's Office,Government Services,State,Fit-out for Office Accommodation,New Works,Sydney,Sydney,Metropolitan Sydney,2015,2016,"1,000",0,1000
State Library of New South Wales,Government Services,Commonwealth,Digitisation for Regional Delivery Program,Work-In-Progress,Sydney,,,2012,2022,62277,15194,8377
State Library of New South Wales,Government Services,Joint,Heritage Discovery and Asset Management,Work-In-Progress,Sydney,,,2012,2016,10200,9708,492
State Transit Authority of New South Wales,Transport,Private Partnership,Depot Facilities Electrical Upgrade,New Works,Mona Vale,Pittwater,Metropolitan Sydney,2015,2016,513,0,513
State Transit Authority of New South Wales,Transport,State,Depot Infrastructure Upgrade,Work-In-Progress,North Sydney,North Sydney,Metropolitan Sydney,2013,2016,1872,272,1600
Transport for NSW,Transport,Commonwealth,Business System Improvements  ,Work-In-Progress,Sydney,Sydney,Metropolitan Sydney,2012,2017,,126743,52637
Centennial Park and Moore Park Trust,Government Services,Joint,E.S. Marks Safety Upgrade,New Works,Centennial Park,Sydney,Metropolitan Sydney,2015,2016,2887,0,2887
Rail Corporation New South Wales (Transport Asset Holding Entity),Transport,Private Partnership,Northern Sydney Freight Corridor  ,Work-In-Progress,Various,Hornsby,Metropolitan Sydney,2011,2016,1044651,766366,123670
City West Housing Pty Limited,Community Services,State,Affordable Housing - Botany Road,Work-In-Progress,Alexandria,Sydney,Metropolitan Sydney,2015,2018,27376,10206,826
City West Housing Pty Limited,Community Services,Commonwealth,Affordable Housing - Bourke Street,Work-In-Progress,Waterloo,Sydney,Metropolitan Sydney,2014,2018,34548,14152,700
City West Housing Pty Limited,Community Services,Joint,Affordable Housing - Cowper Street,Work-In-Progress,Glebe,Sydney,Metropolitan Sydney,2011,2017,32212,302,1766
City West Housing Pty Limited,Community Services,Private Partnership,Affordable Housing - Joynton Avenue,Work-In-Progress,Zetland,Sydney,Metropolitan Sydney,2011,2016,40723,18888,21835
Department of Education,Education,State,Bella Vista Public School (new school),New Works,Bella Vista,The Hills Shire,Metropolitan Sydney,2015,2018,,0,
,Education,Commonwealth,Cairnsfoot School Relocation,Work-In-Progress,Arncliffe,Rockdale,Metropolitan Sydney,2008,2016,16776,4237,12539
Department of Education,Education,Joint,Dubbo Networked Specialist School (new school),New Works,Dubbo,Dubbo,Central West & Orana,2015,2019,,0,
Department of Education,Education,Private Partnership,Glenmore Park School (new school),Work-In-Progress,Glenmore Park,Penrith,Metropolitan Sydney,2014,2017,,545,
Department of Education,Education,State,Lower North Shore Public School (new school),Work-In-Progress,Cammeray,North Sydney,Metropolitan Sydney,2013,2016,24978,8524,16454
Department of Education,Education,Commonwealth,Narellan School (new school),New Works,Narellan,Camden,metropolitan sydney,2015,2018,,0,
Department of Education,Education,Joint,Narrabri Public School Upgrade,work in progress,Narrabri,Narrabri,New England-North West,2014,2016,,206,
Department of Education,Education,Private Partnership,Rowland Hassall School Relocation,New Works,Old Guildford,Fairfield,metropolitan sydney,2015,2017,,0,
Department of Education,Education,State,Rutherford High School Upgrade and Maitland Tutorial Centre Relocation,Work-In-Progress,Rutherford,Maitland,Hunter,2013,2016,19997,10649,9348
Department of Education,Education,Commonwealth,Wentworth Point Public School (new school),Work-In-Progress,Wentworth Point,Auburn,Metropolitan Sydney,2013,2017,,1050,
Fire and Rescue NSW,Police and Justice,Joint,Ballina Land and New Station,Work-In-Progress,Ballina,Ballina,North Coast,2013,2016,4340,1914,2426
Fire and Rescue NSW,Police and Justice,Private Partnership,Head Office Relocation,Work-In-Progress,Various,"Sydney,Strathfield",Metropolitan Sydney,2013,2017,24358,5735,12697
Fire and Rescue NSW,Police and Justice,State,Lambton Land and New Station,Work-In-Progress,Lambton,Newcastle,Hunter,2013,2016,4600,3150,1450
Fire and Rescue NSW,Police and Justice,Commonwealth,Maryland Land and New Station,Work-In-Progress,Maryland,Newcastle,Hunter,2013,2016,3600,950,2650
Fire and Rescue NSW,Police and Justice,Joint,Ropes Crossing (Dunheved) Land and New Station,Work-In-Progress,Tregear,Blacktown,Metropolitan Sydney,2013,2016,3394,2138,1256
Fire and Rescue NSW,Police and Justice,Private Partnership,Rutherford Land and New Station,Work-In-Progress,Rutherford,Maitland,Hunter,2013,2016,4200,1897,2303
Fire and Rescue NSW,Police and Justice,State,Windsor (South Windsor) Land and New Station,Work-In-Progress,South Windsor,Hawkesbury,Metropolitan Sydney,2013,2016,3100,2577,523
Ministry of Health,Health,Commonwealth,Auburn Hospital - Hydraulic Maintenance,Work-In-Progress,Auburn,Auburn,Metropolitan Sydney,2014,2015,1000,914,86
Ministry of Health,Health,Joint,"The Bright Alliance comprising the Nelune Comprehensive Cancer Centre, Scientia and The Sydney Children's Hospital Network at Randwick Campus",Work-In-Progress,Randwick,Randwick,Metropolitan Sydney,2011,2016,114000,43667,53785
Museum of Applied Arts and Sciences,Government Services,Private Partnership,Castle Hill Chillers,New Works,Castle Hill,The Hills Shire,Metropolitan Sydney,2015,2016,900,0,900
Newcastle Port Corporation (trading as Port Authority of NSW),Transport,State,Glebe Island - Silos Rectifications,New Works,Balmain,Sydney,Metropolitan Sydney,2016,2016,2388,0,
Newcastle Port Corporation (trading as Port Authority of NSW),Transport,Commonwealth,Moores Wharf Roof Rectification,New Works,Sydney,Sydney,Metropolitan Sydney,2016,2016,,0,
State Records Authority of New South Wales,Government Services,Joint,Critical Engineering Services Upgrade,New Works,Kingswood,Penrith,Metropolitan Sydney,2015,2016,3320,0,3320
State Records Authority of New South Wales,Government Services,Private Partnership,Integrated Collection Management,Work-In-Progress,Kingswood,Penrith,Metropolitan Sydney,2014,2016,2318,70,2248
Sydney Olympic Park Authority,Government Services,State,Developer Funded Precinct Improvements,Work-In-Progress,Sydney Olympic Park,Auburn,Metropolitan Sydney,2006,2019,65917,30257,15710
Historic Houses Trust of New South Wales,Government Services,Commonwealth,10-Year Capital Maintenance Program,New Works,Various,"Woollahra,Sydney,Blacktown,Ku-ring-gai,Shoalhaven,Parramatta","Metropolitan Sydney,Illawarra",2016,2026,28000,0,1379
Endeavour Energy,Utilities,Joint,Line Works,,Various,,,,,965234,795742,49477
Endeavour Energy,Utilities,Private Partnership,Substation,,Various,,,,,376124,246950,53166
Aboriginal Housing Office,Community Services,State,Aboriginal Housing - New Supply,New Works,Various,,,2015,2019,61868,0,13152
Aboriginal Housing Office,Community Services,Commonwealth,Aboriginal Housing - New Supply,Work-In-Progress,Various,,,2011,2016,14428,12127,2301
Aboriginal Housing Office,Community Services,Joint,National Partnership - Remote Indigenous Housing New Supply and Employment Related Accommodation,Work-In-Progress,Various,,,2012,2018,25166,11093,12815
Aboriginal Housing Office,Community Services,Private Partnership,National Partnership - Remote Indigenous Housing New Supply and Employment Related Accommodation,New Works,Various,,,2015,2018,29161,0,9662
Art Gallery of New South Wales,Government Services,State,Acquisition of Works of Art,Work-In-Progress,Sydney,Sydney,Metropolitan Sydney,2019,2010,30841,22881,1990
Art Gallery of New South Wales,Government Services,Commonwealth,Building Maintenance Program,Work-In-Progress,Sydney,Sydney,Metropolitan Sydney,2010,2019,23114,12634,2620
Art Gallery of New South Wales,Government Services,Joint,Lighting Upgrade and Air-Conditioning Duct Work,New Works,Sydney,Sydney,Metropolitan Sydney,2015,2016,1200,0,1200
Art Gallery of New South Wales,Government Services,Private Partnership,Next Stages of Planning for New Wing,Work-In-Progress,Sydney,Sydney,Metropolitan Sydney,2013,2016,14831,6931,7900
Art Gallery of New South Wales,Government Services,State,Repairs on Vestibule and Portico Concrete,New Works,Sydney,Sydney,Metropolitan Sydney,2015,2016,400,0,400
Art Gallery of New South Wales,Government Services,Commonwealth,Replacement of Chiller Units,New Works,Sydney,Sydney,Metropolitan Sydney,2015,2016,1650,0,1650
Art Gallery of New South Wales,Government Services,Joint,Safety Upgrade,Work-In-Progress,Sydney,Sydney,Metropolitan Sydney,2014,2016,4067,2067,2000
Ausgrid,Utilities,Private Partnership,Line Works,Work-In-Progress,Various,,,,,582627,520613,59802
Ausgrid,Utilities,State,Substation,Work-In-Progress,Various,,,,,1047437,795672,95595
Ausgrid,Utilities,Commonwealth,Transformers and Equipment,Work-In-Progress,Various,,,,,221326,171545,19857
Australian Museum,Government Services,Joint,Planning for the New Museum,Work-In-Progress,Darlinghurst,Sydney,Metropolitan Sydney,2014,2016,4722,1033,3689
Australian Museum,Government Services,Private Partnership,Stage One: Australian Museum Transformation,Work-In-Progress,Darlinghurst,Sydney,Metropolitan Sydney,2014,2016,5890,4420,1470
Barangaroo Delivery Authority,Government Services,State,Barangaroo Central - Precinct Planning,Work-In-Progress,Sydney,Sydney,Metropolitan Sydney,2013,2015,7621,6121,1500
Barangaroo Delivery Authority,Government Services,Commonwealth,Headland Park and Barangaroo North Public Domain - Design and Construction,Work-In-Progress,Sydney,Sydney,Metropolitan Sydney,2009,2015,249025,240025,9000
"Board of Studies, Teaching and Educational Standards",Education,Joint,ICT Systems Integration,Work-In-Progress,Sydney,Sydney,Metropolitan Sydney,2014,2016,2855,626,2229
"Board of Studies, Teaching and Educational Standards",Education,Private Partnership,Online Services Applications Development,New Works,Sydney,Sydney,Metropolitan Sydney,2016,2016,800,0,800
Centennial Park and Moore Park Trust,Government Services,State,Environmental Tourism Facilities,Work-In-Progress,Centennial Park,Sydney,Metropolitan Sydney,2013,2016,1230,624,606
Centennial Park and Moore Park Trust,Government Services,Commonwealth,Robertson Road Synthetic Fields,Work-In-Progress,Centennial Park,Sydney,Metropolitan Sydney,2014,2016,1983,337,1646
Centennial Park and Moore Park Trust,Government Services,Joint,Strategic Asset Management Program,Work-In-Progress,Centennial Park,Sydney,Metropolitan Sydney,2013,2017,19470,8214,5178
City West Housing Pty Limited,Community Services,Private Partnership,Affordable Housing,New Works,Unknown,,,2016,2019,32920,0,10335
Crown Solicitor's Office,Police and Justice,State,Practice Management System,Work-In-Progress,Sydney,Sydney,Metropolitan Sydney,2015,2016,4900,250,4650
Department of Education,Education,Commonwealth,Artarmon Public School Upgrade,New Works,Artarmon,Willoughby,Metropolitan Sydney,2015,2018,,0,
Department of Education,Education,Joint,Bardia Public School Upgrade,New Works,Bardia,Campbelltown,Metropolitan Sydney,2015,2018,,0,
Department of Education,Education,Private Partnership,Bellevue Hill Public School Upgrade,Work-In-Progress,Bellevue Hill,Woollahra,Metropolitan Sydney,2014,2016,,720,
Water NSW,Utilities,State,Catchments Upgrade,Work-In-Progress,Various,,,1998,2030,34652,2870,1113
Department of Education,Education,Commonwealth,Bourke Street Public School Upgrade,Work-In-Progress,Surry Hills,Sydney,metropolitan sydney,2014,2016,,606,
Department of Education,Education,Joint,Bowral Public School Upgrade,Work-In-Progress,Bowral,Wingecarribee,South East & Tablelands,2014,2016,,296,
Department of Education,Education,Private Partnership,Brewarrina Central School Upgrade,Work-In-Progress,Brewarrina,Brewarrina,Far West,2014,2016,3276,486,2790
Department of Education,Education,State,Centre for Education Statistics and Evaluation Implementation Project,Work-In-Progress,Various,,,2013,2015,8228,5291,2937
Department of Education,Education,Commonwealth,Cherrybrook Technology High School Upgrade,New Works,Cherrybrook,Hornsby,Metropolitan Sydney,2015,2018,,0,
Department of Education,Education,Joint,Denison College of Secondary Education Bathurst High Campus Upgrade and New Gym,Work-In-Progress,Bathurst,Bathurst Regional,Central West & Orana,2012,2015,8388,8088,300
Department of Education,Education,Private Partnership,Harbord Public School Upgrade,Work-In-Progress,Freshwater,Warringah,Metropolitan Sydney,2014,2017,,988,
Department of Education,Education,State,Homebush West Public School Upgrade,New Works,Homebush West,Strathfield,Metropolitan Sydney,2015,2018,,0,
Department of Education,Education,Commonwealth,Human Resource and Payroll System for Schools,Work-In-Progress,Various,,,2014,2018,,1000,
Department of Education,Education,Joint,Hunter Sports High School Upgrade,Work-In-Progress,Gateshead,n/a,Hunter,2014,2017,,1225,
Department of Education,Education,Private Partnership,Lucas Gardens School Upgrade,Work-In-Progress,Canada Bay,Canada Bay,Metropolitan Sydney,2014,2017,,1000,
Department of Education,Education,State,Manly Vale Public School Upgrade,Work-In-Progress,Manly Vale,Warringah,Metropolitan Sydney,2014,2017,,1298,
Department of Education,Education,Commonwealth,Moree East Public School Upgrade,Work-In-Progress,Moree,Moree Plains,New England-North West,2014,2017,15001,2132,10167
Department of Education,Education,Joint,Mowbray Public School Upgrade,unknown,Lane Cove North,Willoughby,Metropolitan Sydney,2013,2016,20700,10374,10326
Department of Education,Education,Private Partnership,North Sydney 7-10 Comprehensive High School (new school),Work-In-Progress,Crows Nest,Lane Cove,Metropolitan Sydney,2014,2016,8000,7060,940
Department of Education,Education,State,Parry School Relocation,Work-In-Progress,West Tamworth,Tamworth Regional,New England-North West,2013,2015,3486,3286,200
Department of Education,Education,Commonwealth,Point Clare Public School Upgrade,Work-In-Progress,Point Clare,Gosford,Central Coast,2014,2016,,720,
Department of Education,Education,Joint,Rainbow Street Public School Upgrade,New Works,Randwick,Randwick,Metropolitan Sydney,2015,2018,,0,
Department of Education,Education,Private Partnership,Randwick Public School Upgrade,New Works,Randwick,Randwick,Metropolitan Sydney,2015,2018,,0,
Department of Education,Education,State,Spring Farm Public School (new school),Work-In-Progress,Spring Farm,Camden,Metropolitan Sydney,2013,2016,12498,6651,5847
Department of Education,Education,Commonwealth,Ultimo Public School (new school),Work-In-Progress,Ultimo,Sydney,Metropolitan Sydney,2014,2018,,200,
Department of Education,Education,Joint,Walgett Community College High School Upgrade,Work-In-Progress,Walgett,Walgett,Far West,2014,2017,7641,702,4769
Department of Education,Education,Private Partnership,Wilton Public School Upgrade,Work-In-Progress,Wilton,Wollondilly,Metropolitan Sydney,2014,2016,4145,1168,2977
Department of Education,Education,State,Yeoval Central School Upgrade,Work-In-Progress,Yeoval,Cabonne,Central West & Orana,2013,2015,1751,1451,300
Department of Family and Community Services,Community Services,Commonwealth,Corporate and Shared Services Projects,Work-In-Progress,Liverpool,Liverpool,Metropolitan Sydney,2014,2017,48092,947,35145
Department of Family and Community Services,Community Services,Joint,Accommodation for People with Disability: Fire and Building Safety Mitigation,Work-In-Progress,Various,,,2013,2017,53897,28059,17121
Department of Family and Community Services,Community Services,Private Partnership,Child Protection IT System Improvements: Frontline System Support,Work-In-Progress,Ashfield,Ashfield,Metropolitan Sydney,2014,2018,60130,4297,26133
Department of Family and Community Services,Community Services,State,Accommodation for People with Disability: Hunter Residences,Work-In-Progress,Various,,Hunter,2014,2016,,30000,28000
Department of Family and Community Services,Community Services,Commonwealth,Stronger Together 2 Accommodation for People with Disability: Large Residential Centre Redevelopments - Metro,NULL,Various,,,2010,2016,134000,91241,42759
Department of Family and Community Services,Community Services,Joint,Stronger Together 2 Accommodation for People with Disability: Large Residential Centre Redevelopments - Non Government Organisation,Work-In-Progress,Various,,,2011,2018,87802,37865,2022
Department of Family and Community Services,Community Services,Private Partnership,Stronger Together 2 Accommodation for People with Disability: Large Residential Centre Redevelopments - Stockton,Work-In-Progress,Various,,,2011,2016,13069,9992,3077
Department of Family and Community Services,Community Services,State,Stronger Together 2 Accommodation for People with Disability: Supported Accommodation,Work-In-Progress,Various,,,2010,2016,202444,157686,44758
"Department of Finance, Services and Innovation",Government Services,Commonwealth,Accelerating Digital Alignment OneGov,New Works,Sydney,Sydney,Metropolitan Sydney,2015,2017,4784,0,2626
"Department of Finance, Services and Innovation",Government Services,Joint,Accommodation Strategy,Work-In-Progress,Parramatta,Parramatta,Metropolitan Sydney,2011,2019,36326,N/A,180
,Government Services,Private Partnership,Building Improvements,Work-In-Progress,Bathurst,Bathurst Regional,Central West & Orana,2010,2017,7036,5036,1000
"Department of Finance, Services and Innovation",Government Services,State,Business Systems Reinvestment and Renewal Program,Work-In-Progress,Parramatta,Parramatta,Metropolitan Sydney,2014,2016,8426,6421,2005
"Department of Finance, Services and Innovation",Government Services,Commonwealth,Business Volume Future Growth Program,Work-In-Progress,Sydney,Sydney,Metropolitan Sydney,2013,2105,8545,2545,1500
"Department of Finance, Services and Innovation",Government Services,Joint,Cadastral 2020,Work-In-Progress,Sydney,Sydney,Metropolitan Sydney,2013,2017,5973,2403,1876
"Department of Finance, Services and Innovation",Government Services,Private Partnership,Corporate and Shared Services Reform Project,Work-In-Progress,Sydney,Sydney,Metropolitan Sydney,2010,2016,7730,5530,2200
"Department of Finance, Services and Innovation",Government Services,State,Data Centre Consolidation Acceleration Program,Work-In-Progress,Sydney,Auburn,Metropolitan Sydney,2013,2019,13360,8860,1125
"Department of Finance, Services and Innovation",Government Services,Commonwealth,Data Conversion and Cleansing,Work-In-Progress,Bathurst,Bathurst Regional,Central West & Orana,2013,2019,14010,3010,2000
"Department of Finance, Services and Innovation",Government Services,Joint,Debt Collection,Work-In-Progress,Parramatta,Parramatta,Metropolitan Sydney,2014,2016,2000,1273,727
"Department of Finance, Services and Innovation",Government Services,Private Partnership,Duties Program and Duties Online Lodgement System,Work-In-Progress,Parramatta,Parramatta,Metropolitan Sydney,2014,2016,5635,4169,1466
"Department of Finance, Services and Innovation",Government Services,State,Future Business Development Program,Work-In-Progress,Sydney,Sydney,Metropolitan Sydney,2013,2019,3782,730,250
"Department of Finance, Services and Innovation",Government Services,Commonwealth,Human Capital Management System Phase 2,New Works,Sydney,Sydney,Metropolitan Sydney,2015,2016,2700,0,2700
"Department of Finance, Services and Innovation",Government Services,Joint,ICT Development Program,Work-In-Progress,Various,Sydney,Metropolitan Sydney,2014,2019,24700,4700,4500
"Department of Finance, Services and Innovation",Government Services,Private Partnership,ICT Projects,Work-In-Progress,Various,Sydney,Metropolitan Sydney,2004,2019,66642,48930,4428
"Department of Finance, Services and Innovation",Government Services,State,Increased Tax Compliance Enhancement,Work-In-Progress,Parramatta,Parramatta,Metropolitan Sydney,2013,2016,2040,1045,995
"Department of Finance, Services and Innovation",Government Services,Commonwealth,Information System Enhancements,Work-In-Progress,Sydney,Sydney,Metropolitan Sydney,2001,2019,180482,143134,7287
"Department of Finance, Services and Innovation",Government Services,Joint,Office Refurbishment and Rationalisation,Work-In-Progress,Various,Sydney,Metropolitan Sydney,2005,2019,110547,68227,10580
"Department of Finance, Services and Innovation",Government Services,Private Partnership,OneGov Digital Services Gateway,Work-In-Progress,Sydney,Sydney,Metropolitan Sydney,2013,2019,6373,2462,1100
"Department of Finance, Services and Innovation",Government Services,State,Plan of Survey Cadestral Fabric,Work-In-Progress,Bathurst,Bathurst Regional,Central West & Orana,2013,2017,5318,1918,1700
"Department of Finance, Services and Innovation",Government Services,Commonwealth,Public Works ICT,New Works,Sydney,Sydney,Metropolitan Sydney,2015,2017,11200,0,3900
"Department of Finance, Services and Innovation",Government Services,Joint,Replacement of Manual Processes Program,Work-In-Progress,Sydney,Sydney,Metropolitan Sydney,2013,2019,6174,600,1274
"Department of Finance, Services and Innovation",Government Services,Private Partnership,Spatial data Infrastructure Program,Work-In-Progress,Bathurst,Bathurst Regional,Central West & Orana,2014,2019,17977,2344,3800
"Department of Finance, Services and Innovation",Government Services,State,StateFleet Motor Vehicles,Work-In-Progress,Various,,,2007,2019,4024914,3050655,229586
"Department of Finance, Services and Innovation",Government Services,Commonwealth,Technology Asset Replacement Program,Work-In-Progress,Parramatta,Parramatta,Metropolitan Sydney,2014,2019,11840,2368,2368
"Department of Finance, Services and Innovation",Government Services,Joint,Titling Development Program,Work-In-Progress,Sydney,Sydney,Metropolitan Sydney,2014,2019,13196,1696,2800
"Department of Finance, Services and Innovation",Government Services,Private Partnership,Total Asset Upgrade Program,Work-In-Progress,Parramatta,Parramatta,Metropolitan Sydney,2010,2019,11049,8845,551
"Department of Finance, Services and Innovation",Government Services,State,Transition to Cloud Based Corporate and Shared Services,New Works,Sydney,Sydney,Metropolitan Sydney,2015,2016,4811,0,4811
"Department of Finance, Services and Innovation",Government Services,Commonwealth,Whole of Government Data Centre,Work-In-Progress,Various,N/A,Metropolitan Sydney,2014,2016,4719,2272,2447
"Department of Industry, Skills and Regional Development",Government Services,Joint,Bethungra Dam Stabilisation,Work-In-Progress,Bethungra,Junee,Murray-Murrumbidgee,2013,2016,3935,332,3603
"Department of Industry, Skills and Regional Development",Government Services,Private Partnership,Coastal Infrastructure Program,New Works,Various,,,2015,2019,41400,0,11090
"Department of Industry, Skills and Regional Development",Government Services,State,Construct Artificial Reefs,Work-In-Progress,Various,,,2015,2016,2900,100,2800
"Department of Industry, Skills and Regional Development",Government Services,Commonwealth,Dredging of Priority Waterways on the North Coast,Work-In-Progress,Various,,North Coast,2014,2018,9000,1500,2500
"Department of Industry, Skills and Regional Development",Government Services,Joint,Implementation of Aquifer Interference Policy,Work-In-Progress,Various,,,2014,2015,3886,1996,1890
"Department of Industry, Skills and Regional Development",Government Services,Private Partnership,Regional Office Accommodation Strategy,Work-In-Progress,Various,,,2014,2018,9987,3350,2808
"Department of Industry, Skills and Regional Development",Government Services,State,Replacement of Fisheries Offshore Patrol Vessel,New Works,Coffs Harbour,Coffs Harbour,North Coast,2015,2017,2500,0,1250
"Department of Industry, Skills and Regional Development",Government Services,Commonwealth,Tibooburra Aerodrome - Remedial Actions,New Works,Tibooburra,Unincorporated NSW,Far West,2015,2016,500,0,500
"Department of Industry, Skills and Regional Development",Government Services,Joint,W B Clarke Geoscience Core Storage Expansion,Work-In-Progress,Londonderry,Penrith,Metropolitan Sydney,2014,2016,5987,1200,4787
"Department of Industry, Skills and Regional Development",Government Services,Private Partnership,Water Monitoring Framework,New Works,Various,,,2015,2020,22810,0,4562
"Department of Industry, Skills and Regional Development",Government Services,State,Water Reform in the Murray Darling Basin,Work-In-Progress,Various,,,2014,2019,1000,250,400
Department of Justice,Police and Justice,Commonwealth,Arts NSW Wharf 4/5 Substructure,New Works,Sydney,Sydney,Metropolitan Sydney,2015,2017,1277,0,675
Department of Justice,Police and Justice,Joint,Crime Reduction Initiatives,Work-In-Progress,Various,,,2014,2016,39400,19216,20184
Department of Justice,Police and Justice,Private Partnership,Justice Audio Visual Link Consolidation,Work-In-Progress,Various,,,2014,2018,40000,10000,10000
Department of Justice,Police and Justice,State,Justice Core ICT Program,Work-In-Progress,Various,,,2014,2016,27900,13800,14100
Department of Justice,Police and Justice,Commonwealth,Justice KidsLink,New Works,Sydney,,,2015,2016,2085,0,2085
Department of Justice,Police and Justice,Joint,Justice Online,Work-In-Progress,Sydney,,,2014,2016,9218,5759,3459
Department of Justice,Police and Justice,Private Partnership,Justice Shared Corporate Services,Work-In-Progress,Sydney,Sydney,Metropolitan Sydney,2012,2017,46270,11056,24071
Department of Justice,Police and Justice,State,New Sydney Central Children's Court,Work-In-Progress,Sydney,Sydney,Metropolitan Sydney,2014,2018,31135,9216,4701
Department of Justice,Police and Justice,Commonwealth,Newcastle Justice Precinct,Work-In-Progress,Newcastle,Newcastle,Hunter,2010,2015,89685,69085,20600
Department of Justice,Police and Justice,Joint,NSW Civil and Administrative Tribunal Implementation,Work-In-Progress,Various,,,2014,2016,8583,5186,3397
Department of Justice,Police and Justice,Private Partnership,Parklea Correctional Centre Expansion,New Works,Parklea,Blacktown,Metropolitan Sydney,2015,2018,,0,
Department of Justice,Police and Justice,State,"Registry of Births, Deaths and Marriages Relocation",New Works,Various,Sydney,Metropolitan Sydney,2015,2016,7300,0,7300
Department of Justice,Police and Justice,Commonwealth,Sydney CBD Decentralisation,Work-In-Progress,Various,Sydney,Metropolitan Sydney,2014,2018,14504,5780,6465
Department of Justice,Police and Justice,Joint,Wagga Wagga Courthouse Upgrade,Work-In-Progress,Wagga Wagga,Wagga Wagga,Murray-Murrumbidgee,2012,2016,16955,5955,11000
Department of Justice,Police and Justice,Private Partnership,Walsh Bay Arts Precinct-Planning and Detail Design,New Works,Sydney,Sydney,Metropolitan Sydney,2015,2017,10641,0,5118
Department of Justice,Police and Justice,State,Wollongong Courthouse Upgrade,Work-In-Progress,Wollongong,Wollongong,Illawarra,2012,2016,14989,9389,5600
Department of Planning and Environment,Government Services,Commonwealth,ePlanning Stage 1,Work-In-Progress,Various,,,2014,2015,30000,22000,8000
Department of Planning and Environment,Government Services,Joint,ePlanning Stage 2,New Works,Various,,,2015,2017,21789,0,11858
Department of Premier and Cabinet,Government Services,Private Partnership,Corporate and Shared Services Reform,New Works,Sydney,Sydney,Metropolitan Sydney,2015,2017,4300,0,2300
Department of Premier and Cabinet,Government Services,State,Counter Terrorism: Martin Place Enhancements,New Works,Sydney,Sydney,Metropolitan Sydney,2015,2018,2700,0,1600
Department of Premier and Cabinet,Government Services,Commonwealth,Government House Ground Floor Building Works,New Works,Sydney,Sydney,Metropolitan Sydney,2015,2016,1180,0,1180
Department of Premier and Cabinet,Government Services,Joint,Government House Maintenance Program,New Works,Sydney,Sydney,Metropolitan Sydney,2015,2019,3552,0,499
Department of Premier and Cabinet,Government Services,Private Partnership,Government House Security Gates,New Works,Sydney,Sydney,Metropolitan Sydney,2015,2016,250,0,250
Department of Premier and Cabinet,Government Services,State,Government Organisational View database (GO View),New Works,Sydney,,,2015,2016,595,0,595
Department of Premier and Cabinet,Government Services,Commonwealth,IT Program,Work-In-Progress,Sydney,Sydney,Metropolitan Sydney,2013,2016,6952,3952,3000
Department of Premier and Cabinet,Government Services,Joint,Leasehold Improvements,Work-In-Progress,Sydney,Sydney,Metropolitan Sydney,2013,2015,36218,34488,1730
Department of Premier and Cabinet,Government Services,Private Partnership,Update eReporting Tool,New Works,Sydney,,,2015,2016,500,0,500
Endeavour Energy,Utilities,State,Transformers and Equipment,Work-In-Progress,Various,,,,,2661357,1945036,215417
Environment Protection Authority,Government Services,Commonwealth,Container Deposit Registration System,New Works,Various,,,2015-16,2017,300,0,150
Environment Protection Authority,Government Services,Joint,Coal Seam Gas Regulatory Training and Community Education,New Works,Various,,,2015,2016,1012,0,1012
Environment Protection Authority,Government Services,Private Partnership,Digital Stakeholder Management Solution,New Works,Various,,,2015,2018,2752,0,647
Environment Protection Authority,Government Services,State,Gas Team Regulatory Compliance - Equipment,New Works,Various,,,2015,2016,700,0,700
Environment Protection Authority,Government Services,Commonwealth,Regulatory and Communication System Enhancement,Work-In-Progress,Various,,,2013,2017,5681,3631,1591
Essential Energy,Utilities,Joint,Line Works,Work-In-Progress,Various,,,,,95436,57185,23056
Essential Energy,Utilities,Private Partnership,Line Works,New Works,Orange,Orange City,Central West & Orana,2015,2016,3075,0,3075
Essential Energy,Utilities,State,Substation,Work-In-Progress,Various,,,,,115504,42881,48777
Fire and Rescue NSW,Police and Justice,Commonwealth,Abermain New Station,New Works,Abermain,Cessnock,Hunter,2015,2017,1000,0,350
Fire and Rescue NSW,Police and Justice,Joint,Marsden Park Land and New Station,New Works,Marsden Park,Blacktown,Metropolitan Sydney,2015,2018,4600,0,1700
Fire and Rescue NSW,Police and Justice,Private Partnership,Mount Druitt New Station,New Works,Mount Druitt,Blacktown,Metropolitan Sydney,2015,2017,2950,0,200
Fire and Rescue NSW,Police and Justice,State,Oran Park Land and New Station,New Works,Oran Park,Camden,Metropolitan Sydney,2015,2018,4400,0,1500
Fire and Rescue NSW,Police and Justice,Commonwealth,Replacement of Fire Appliances,Work-In-Progress,Various,,,2011,2019,117451,49451,17000
Fire and Rescue NSW,Police and Justice,Joint,Replacement of Radios and Portable Receivers,Work-In-Progress,Various,,,2012,2019,21496,14332,500
Fire and Rescue NSW,Police and Justice,Private Partnership,Wingham Fire Station Extension,New Works,Wingham,Greater Taree,North Coast,2015,2016,350,0,350
Fire and Rescue NSW,Police and Justice,State,Wollongong Fire Station Refurbishment,New Works,Wollongong,Wollongong,Illawarra,2015,2018,4950,0,-500
Forestry Corporation of New South Wales,Government Services,Commonwealth,Construction - Buildings and Installations,Work-In-Progress,Castle Hill,The Hills Shire,Metropolitan Sydney,2010,2016,1241,1001,240
Government Property NSW,Government Services,Joint,Building Refurbishment Program,Work-In-Progress,Various,,,2001,2019,111284,75943,10708
Government Property NSW,Government Services,Private Partnership,Business Services Program,Work-In-Progress,Sydney,Sydney,Metropolitan Sydney,2007,2019,12856,7911,3190
Government Property NSW,Government Services,State,Property Development Program,New Works,Various,,,2015,2016,6675,0,6675
Historic Houses Trust of New South Wales,Government Services,Commonwealth,Capital Maintenance Program,Work-In-Progress,Various,"Woollahra,Sydney,Blacktown,Ku-ring-gai,Shoalhaven,Parramatta","Metropolitan Sydney,Illawarra",2014,2017,4399,904,2163
Hunter Water Corporation,Utilities,Joint,Backlog Sewer Scheme,New Works,Various,"Port Stephens,Wallsend,Maitland,Lake Macquarie,Charlestown,Newcastle,Swansea,Cessnock,Upper Hunter",Hunter,2015,2025,1402,0,525
Hunter Water Corporation,Utilities,Private Partnership,Enhancement of Wastewater Infrastructure,New Works,Various,"Port Stephens,Wallsend,Maitland,Lake Macquarie,Charlestown,Newcastle,Swansea,Cessnock,Upper Hunter",Hunter,2015,2025,212274,0,3247
Hunter Water Corporation,Utilities,State,Enhancement of Wastewater Infrastructure,Work-In-Progress,Various,"Port Stephens,Wallsend,Maitland,Lake Macquarie,Charlestown,Newcastle,Swansea,Cessnock,Upper Hunter",Hunter,2004,2025,171428,59136,38889
Hunter Water Corporation,Utilities,Commonwealth,Enhancement of Water Infrastructure,New Works,Various,"Port Stephens,Wallsend,Maitland,Lake Macquarie,Charlestown,Newcastle,Swansea,Cessnock,Upper Hunter",Hunter,2015,2016,1784,0,1784
Hunter Water Corporation,Utilities,Joint,Enhancement of Water Infrastructure,Work-In-Progress,Various,"Port Stephens,Wallsend,Maitland,Lake Macquarie,Charlestown,Newcastle,Swansea,Cessnock,Upper Hunter",HUNTER,2007,2019,128158,124576,3016
Hunter Water Corporation,Utilities,Private Partnership,Enterprise Resource Planning (ERP) System,Work-In-Progress,Newcastle,Newcastle,Hunter,2012,2016,14406,13671,735
Hunter Water Corporation,Utilities,State,Housing Acceleration Fund 2 Upgrades,Work-In-Progress,Various,Maitland,HUNTER,2014,2017,21000,203,8262
Hunter Water Corporation,Utilities,Commonwealth,Telemetry System Upgrade,Work-In-Progress,Various,"Port Stephens,Wallsend,Maitland,Lake Macquarie,Charlestown,Newcastle,Swansea,Cessnock,Upper Hunter",Hunter,2009,2026,10096,2487,556
Independent Commission Against Corruption,Police and Justice,Joint,Information and Communication Technology Upgrade,Work-In-Progress,Sydney,Sydney,Metropolitan Sydney,2011,2016,5895,5465,430
Independent Commission Against Corruption,Police and Justice,Private Partnership,Relocation and Fit-Out,Work-In-Progress,Sydney,Sydney,Metropolitan Sydney,2013,2016,5613,5513,100
Independent Pricing and Regulatory Tribunal,Government Services,State,Fit-out of New Accommodation,Work-In-Progress,Sydney,Sydney,Metropolitan Sydney,2014,2016,3745,3345,400
Information and Privacy Commission,Government Services,Commonwealth,Enhancements to Government Information (Public Access) Management System,Work-In-Progress,Sydney,Sydney,Metropolitan Sydney,2014,2016,TBA,206,94
Local Land Services,Government Services,Joint,Local Land Services Office Integration,New Works,Various,,,2015,2016,5044,0,5044
Long Service Corporation,Government Services,Private Partnership,Integrated Leave System,New Works,Gosford,Gosford,Central Coast,2016,2018,5817,0,2496
  Minister Administering the Environmental Planning and Assessment Act ,Government Services,State,General Land Acquisition,Work-In-Progress,Various,,,2007,2019,290363,190363,25000
Ministry of Health,Health,Commonwealth,Ambulance Fleet Replacement Program - Next Phase,Work-In-Progress,Rozelle,,,2015,2020,56735,0,9500
Ministry of Health,Health,Joint,Ambulance Information Communication Technology,Work-In-Progress,Rozelle,,,2012,2019,27958,7496,5500
Ministry of Health,Health,Private Partnership,Ambulance Medical Equipment Replacement Program - Next Phase,Work-In-Progress,Rozelle,,,2015,2020,17500,0,2500
Ministry of Health,Health,State,Ambulance Radio Network Infrastructure,Work-In-Progress,Various,,,2012,2018,14870,8170,700
Ministry of Health,Health,Commonwealth,Armidale Hospital Redevelopment,New Works,Armidale,Armidale Dumaresq,New England-North West,2015,2019,,0,1000
Ministry of Health,Health,Joint,Asset Refurbishment / Replacement Strategy (State-wide),Work-In-Progress,Various,,,2014,2024,500000,8000,50000
Ministry of Health,Health,Private Partnership,Ballina District Hospital Upgrade,Work-In-Progress,Ballina,Ballina,North Coast,2015,2016,4500,500,4000
Ministry of Health,Health,State,Blacktown / Mount Druitt Hospitals Redevelopment Stage 1,Work-In-Progress,Blacktown,Blacktown,Metropolitan Sydney,2012,2018,259187,175259,777561
Ministry of Health,Health,Commonwealth,Blacktown and Mount Druitt Hospitals Redevelopment Stage 2,New Works,Blacktown,Blacktown,Metropolitan Sydney,2021,2015,,0,30000
Ministry of Health,Health,Joint,Blacktown and Mount Druitt Hospitals Redevelopment Stage 2 - Planning,Work-In-Progress,Blacktown,Blacktown,Metropolitan Sydney,2014,2015,1500,1100,400
Ministry of Health,Health,Private Partnership,Blacktown Hospital Car Park,Work-In-Progress,Blacktown,Blacktown,Metropolitan Sydney,2012,2015,24230,24097,133
Ministry of Health,Health,State,Bowral Hospital Redevelopment,New Works,Bowral,Wingecarribee,South East & Tablelands,2015,2018,,0,2000
Ministry of Health,Health,Commonwealth,Broken Hill Hospital and Dental Facility Reconfiguration,New Works,Broken Hill,Broken Hill,Far West,2015,2018,,0,2000
Ministry of Health,Health,Joint,Bulli Hospital Aged Care Centre of Excellence,New Works,Bulli,Wollongong,Illawarra,2015,2018,19340,0,1000
Ministry of Health,Health,Private Partnership,Bulli Hospital Aged Care Centre of Excellence,Work-In-Progress,Bulli,Wollongong,Illawarra,2014,2016,14460,779,13681
Ministry of Health,Health,State,Byron Central Hospital,Work-In-Progress,Ewingsdale,Byron,North Coast,2014,2016,88000,26134,"$57,366"
Ministry of Health,Health,Commonwealth,Campbelltown Hospital Clinical School (State and University of Western Sydney Jointly Funded),Work-In-Progress,Campbelltown,Campbelltown,Metropolitan Sydney,2014,2016,18000,9000,9000
Ministry of Health,Health,Joint,Campbelltown Hospital Redevelopment Stage 1,Work-In-Progress,Campbelltown,Campbelltown,Metropolitan Sydney,2011,2016,133086,114136,3994
Ministry of Health,Health,Private Partnership,Coffs Harbour Hospital Car Park,Work-In-Progress,Coffs Harbour,Coffs Harbour,North Coast,2014,2015,7600,6426,1174
Ministry of Health,Health,State,Community Health and Outpatients Information System,Work-In-Progress,Chatswood,,,2009,2017,100703,80072,17548
Ministry of Health,Health,Commonwealth,Coraki HealthOne,New Works,Coraki,Richmond Valley,North Coast,2015,2017,4000,0,2250
Ministry of Health,Health,Joint,Corporate Systems 2B,Work-In-Progress,Chatswood,,,2011,2017,77400,52875,9675
Ministry of Health,Health,Private Partnership,Critical ICT Infrastructure Enhancements Phase 3,Work-In-Progress,Chatswood,,,2014,2016,51100,40528,10572
Ministry of Health,Health,State,Dubbo Hospital - Stages 1 and 2,Work-In-Progress,Dubbo,Dubbo,Central West & Orana,2011,2016,91300,77748,8438
Ministry of Health,Health,Commonwealth,Electronic Medical Record - Rollout to Clinical Specialties,Work-In-Progress,Various,,,2011,2017,85400,63826,17278
Ministry of Health,Health,Joint,Electronic  Medical Record User Interface Enhancements,New Works,Chatswood,,,2015,2016,4000,0,4000
Ministry of Health,Health,Private Partnership,Electronic Medications Management System,Work-In-Progress,Chatswood,,,2011,2018,170300,69117,33793
Ministry of Health,Health,State,Energy Efficiency Government Program (EEGP) Projects in Northern Sydney and Western NSW Local Health Districts,Work-In-Progress,Various,,,2015,2016,2649,94,2555
Ministry of Health,Health,Commonwealth,Eurobodalla Renal Dialysis and Oncology Clinics Relocation,Work-In-Progress,Moruya,Eurobodalla,South East & Tablelands,2014,2015,6754,3417,3337
Ministry of Health,Health,Joint,Fluoridation Program,Work-In-Progress,Various,,,2014,2019,7500,1600,1550
Ministry of Health,Health,Private Partnership,Gosford Hospital Redevelopment,Work-In-Progress,Gosford,Gosford,Central Coast,2014,2019,368000,10011,30000
Ministry of Health,Health,State,Grafton Hospital Ambulatory Care ,New Works,Grafton,Clarence Valley,North Coast,2015,2016,,0,250
Ministry of Health,Health,Commonwealth,Gulgong Multipurpose Service,Work-In-Progress,Gulgong,Mid-Western Regional,Central West & Orana,2011,2015,8000,7647,353
Ministry of Health,Health,Joint,HealthOne Ivanhoe,Work-In-Progress,Ivanhoe,Central Darling,Far West,2013,2015,1900,322,1578
Ministry of Health,Health,Private Partnership,Hillston Multipurpose Service Redevelopment,Work-In-Progress,Hillston,Carrathool,Murray-Murrumbidgee,2013,2015,12400,12351,49
Ministry of Health,Health,State,Hornsby Ku-ring-gai Hospital Redevelopment Stage 1,Work-In-Progress,Hornsby,Hornsby,Metropolitan Sydney,2012,2016,120995,98912,22083
Ministry of Health,Health,Commonwealth,Illawarra Hospitals (Shellharbour / Shoalhaven) - Planning,Work-In-Progress,Shellharbour,"Shellharbour,Shoalhaven",Illawarra,2013,2016,7060,4102,2958
Ministry of Health,Health,Joint,Incident Information Management System (IIMS),Work-In-Progress,Chatswood,,,2012,2015,22218,11992,10226
Ministry of Health,Health,Private Partnership,Infrastructure Planning,Work-In-Progress,Various,,,2014,2017,15900,12881,2049
Ministry of Health,Health,State,Intensive Care Unit Clinical Information System,Work-In-Progress,Chatswood,,,2011,2017,43130,19235,14924
Ministry of Health,Health,Commonwealth,John Hunter Children's Hospital Neonatal Intensive Care Unit,Work-In-Progress,New Lambton Heights,Newcastle,Hunter,2014,2017,7000,534,1050
Ministry of Health,Health,Joint,John Hunter Children's Hospital Paediatric Intensive Care Unit,Work-In-Progress,New Lambton Heights,Newcastle,Hunter,2014,2016,14000,9700,4300
Ministry of Health,Health,Private Partnership,Kempsey Ambulance Station,Work-In-Progress,Kempsey,Kempsey,North Coast,2014,2016,3322,1521,1801
Ministry of Health,Health,State,Kempsey District Hospital Redevelopment Stage 1,Work-In-Progress,Kempsey,Kempsey,North Coast,2013,2016,81900,53293,21394
Ministry of Health,Health,Commonwealth,Lismore Base Hospital Redevelopment Stage 3A,Work-In-Progress,Lismore,Lismore,North Coast,2013,2017,80250,47721,26824
Ministry of Health,Health,Joint,Lismore Hospital Car Park,Work-In-Progress,Lismore,Lismore,North Coast,2014,2016,9271,2721,5693
Ministry of Health,Health,Private Partnership,Lismore Hospital Redevelopment Stage 3B,New Works,Lismore,Lismore,North Coast,2015,2019,,0,-30207
Ministry of Health,Health,State,Local Initiatives Program 2015-16 - for Locally Funded Projects,New Works,Various,,,2015,2016,120000,0,120000
Ministry of Health,Health,Commonwealth,Long Bay Forensic Hospital Cyclical Maintenance,Work-In-Progress,Malabar,Randwick,Metropolitan Sydney,2010,2025,24196,2253,579
Ministry of Health,Health,Joint,Long Jetty Renal Dialysis,Work-In-Progress,Long Jetty,Wyong,Central Coast,2014,2016,3500,1300,2200
Ministry of Health,Health,Private Partnership,Macksville Hospital Redevelopment,New Works,Macksville,Nambucca,North Coast,2015,2019,,0,1500
Ministry of Health,Health,State,Manning Hospital Redevelopment Stage 1 (Renal and Oncology),New Works,Taree,Greater Taree,North Coast,2015,2019,,0,1350
Ministry of Health,Health,Commonwealth,Medical Research Infrastructure Initiatives (Phase 1),New Works,Various,,,2015,2017,70000,0,45000
Ministry of Health,Health,Joint,Missenden Mental Health Unit at Royal Prince Alfred Hospital (includes Brain and Mind Institute Research Beds),Work-In-Progress,Camperdown,Sydney,Metropolitan Sydney,2012,2015,67000,66184,816
Ministry of Health,Health,Private Partnership,"Multipurpose Services (MPS) Strategy Stage 5 First tranche for Barham, Bonalbo, Molong, Walgett and planning for future new works",New Works,Various,,,2015,2022,78896,0,29000
Ministry of Health,Health,State,Multipurpose Service Strategy Stage 5 Planning and Development,Work-In-Progress,Various,,,2013,2018,31294,3819,650
Ministry of Health,Health,Commonwealth,Muswellbrook Hospital Redevelopment Stage 2,New Works,Muswellbrook,Muswellbrook,Hunter,2015,2019,19975,0,1715
Ministry of Health,Health,Joint,New Maitland Hospital - Planning and Site Preparation,Work-In-Progress,Maitland,Maitland,Hunter,2013,2016,20000,7843,9859
Ministry of Health,Health,Private Partnership,Newcastle Mater Hospital Cyclical Maintenance,Work-In-Progress,Newcastle,Newcastle,Hunter,2008,2025,45891,7100,6712
Ministry of Health,Health,State,Northern Beaches - Mona Vale Hospital and Community Health,Work-In-Progress,Frenchs Forest,Pittwater,Metropolitan Sydney,2013,2019,,90859,46007
Ministry of Health,Health,Commonwealth,Orange Base Hospital Cyclical Maintenance,Work-In-Progress,Orange,Orange,Central West & Orana,2008,2025,109256,21784,4530
Ministry of Health,Health,Joint,Parkes and Forbes Hospitals,Work-In-Progress,Various,"Parkes,Forbes",Central West & Orana,2012,2016,110726,56394,37785
Ministry of Health,Health,Private Partnership,Peak Hill Multipurpose Service Redevelopment,Work-In-Progress,Peak Hill,Parkes,Central West & Orana,2013,2015,12000,11491,509
Ministry of Health,Health,State,"Planning for Future New Works (Prince of Wales, Tweed, Forensic Pathology and Sydney Children's Hospital Network)",New Works,Various,,,2015,2016,11887,0,11887
Ministry of Health,Health,Commonwealth,Port Macquarie Base Hospital Expansion,Work-In-Progress,Port Macquarie,Port Macquarie-Hastings,North Coast,2011,2015,104000,100675,3325
Ministry of Health,Health,Joint,Royal North Shore Hospital Clinical Services Building,Work-In-Progress,St Leonards,Willoughby,Metropolitan Sydney,2010,2015,159902,155473,
Ministry of Health,Health,Private Partnership,Royal North Shore Hospital Community Health Services (Retained Costs),Work-In-Progress,St Leonards,Willoughby,Metropolitan Sydney,2002,2016,156420,152420,4000
Ministry of Health,Health,State,Royal North Shore Hospital Cyclical Maintenance,Work-In-Progress,St Leonards,Willoughby,Metropolitan Sydney,2008,2025,158826,23800,6868
Ministry of Health,Health,Commonwealth,"Rural Ambulance First tranche includes Berry, Harden, Molong Wagga Wagga and planning for future new works",New Works,Various,"Shoalhaven,Harden,Cabonne","Illawarra,South East & Tablelands,Central West & Orana",2015,2025,,0,14462
Ministry of Health,Health,Joint,Ryde Hospital Upgrade,New Works,Ryde,Ryde,Metropolitan Sydney,2015,2017,9000,0,1560
Ministry of Health,Health,Private Partnership,South East Regional Hospital Bega,Work-In-Progress,Bega,Bega Valley,South East & Tablelands,2012,2017,187090,146303,38663
Ministry of Health,Health,State,St George Hospital Redevelopment - Acute Services Building Part A,Work-In-Progress,Kogarah,Kogarah,Metropolitan Sydney,2014,2021,282000,10899,20000
Ministry of Health,Health,Commonwealth,St George Hospital Redevelopment - Acute Services Building Part B,New Works,Kogarah,Kogarah,Metropolitan Sydney,2015,2017,25000,0,5000
Ministry of Health,Health,Joint,St Vincent's Hospital Psychiatric Alcohol and Non-prescription Drug Assessment (PANDA) Unit and Emergency Department Enhancements,New Works,Darlinghurst,Sydney,Metropolitan Sydney,2015,2018,14000,0,1500
Ministry of Health,Health,Private Partnership,State-wide Planning and Asset Maintenance,Work-In-Progress,North Sydney,North Sydney,Metropolitan Sydney,2011,2017,6217,1388,3959
Ministry of Health,Health,State,Sutherland Hospital Car Park,Work-In-Progress,Caringbah,Sutherland Shire,Metropolitan Sydney,2014,2015,9100,9073,27
Ministry of Health,Health,Commonwealth,Sutherland Hospital Expansion,Work-In-Progress,Caringbah,Sutherland Shire,Metropolitan Sydney,2014,2017,62900,5297,32240
Ministry of Health,Health,Joint,Sydney Ambulance Metropolitan Infrastructure Strategy,Work-In-Progress,Various,"Liverpool,Bankstown,Blacktown,Rockdale,Penrith",Metropolitan Sydney,2014,2019,150000,15173,36234
Ministry of Health,Health,Private Partnership,Sydney Local Health District Aged Care and Rehabilitation Network Configuration,Work-In-Progress,Various,,,2014,2017,6400,500,2000
Ministry of Health,Health,State,Tamworth Hospital Redevelopment Stage 2,Work-In-Progress,Tamworth,Tamworth Regional,New England-North West,2012,2017,210825,172615,30619
Ministry of Health,Health,Commonwealth,Wagga Wagga Rural Referral Hospital Redevelopment,Work-In-Progress,Wagga Wagga,Wagga Wagga,Murray-Murrumbidgee,2011,2017,270100,162886,77106
Ministry of Health,Health,Joint,Westmead Hospital Car Park,New Works,Westmead,Parramatta,Metropolitan Sydney,2015,2018,,0,27100
Ministry of Health,Health,Private Partnership,Westmead Hospital Redevelopment Stage 1A,Work-In-Progress,Westmead,Parramatta,Metropolitan Sydney,2014,2021,430000,15698,23152
Historic Houses Trust of New South Wales,Government Services,State,10-Year Capital Maintenance Program,New Works,Various,"Woollahra,Sydney,Blacktown,Ku-ring-gai,Shoalhaven,Parramatta","Metropolitan Sydney,Illawarra",2016,2026,28000,0,1379
Ministry of Health,Health,Commonwealth,Westmead Hospital Redevelopment Stage 1B,New Works,Westmead,Parramatta,Metropolitan Sydney,2015,2020,,0,45000
Ministry of Health,Health,Joint,Whole of Government Data Centre Migration,Work-In-Progress,Various,,,2013,2017,31422,19199,8473
Ministry of Health,Health,Private Partnership,Wollongong Hospital Car Park,Work-In-Progress,Wollongong,Wollongong,Illawarra,2012,2016,30700,23280,4203
Ministry of Health,Health,State,Wollongong Hospital Elective Surgery Unit (Emergency Department and Ambulatory Care),Work-In-Progress,Wollongong,Wollongong,Illawarra,2010,2017,106746,101972,4449
Museum of Applied Arts and Sciences,Government Services,Commonwealth,Construction of a Shared Storage Facility,Work-In-Progress,Castle Hill,The Hills Shire,Metropolitan Sydney,2012,2016,33557,11914,21643
Museum of Applied Arts and Sciences,Government Services,Joint,Sydney Observatory Emergency Egress,New Works,Sydney,Sydney,Metropolitan Sydney,2016,2016,360,0,180
Museum of Applied Arts and Sciences,Government Services,Private Partnership,Sydney Observatory Fire Hydrant,New Works,Sydney,Sydney,Metropolitan Sydney,2015,2016,300,0,300
Natural Resources Commission,Government Services,State,Fit-out for Office Accommodation,Work-In-Progress,Sydney,Sydney,Metropolitan Sydney,2015,2016,1570,570,1000
New South Wales Electoral Commission,Government Services,Commonwealth,Compliance System,Work-In-Progress,Various,,,2015,2016,650,50,600
New South Wales Electoral Commission,Government Services,Joint,Count Back System,New Works,Various,,,2015,2016,883,0,883
New South Wales Electoral Commission,Government Services,Private Partnership,New South Wales Roll Management System,Work-In-Progress,Various,,,2014,2016,5703,1540,4163
New South Wales Electoral Commission,Government Services,State,Universal Postal Voting System,New Works,Various,,,2015,2016,1543,0,1543
New South Wales Government Telecommunications Authority,Government Services,Commonwealth,Infrastructure Rationalisation Program Planning and Pilot,New Works,Various,,,2015,2016,18317,0,18317
New South Wales Land and Housing Corporation,Community Services,Joint,Crisis Accommodation,New Works,Various,,,2015,2016,12880,0,
New South Wales Land and Housing Corporation,Community Services,Private Partnership,Office Accommodation and Administrative Assets,New Works,Various,,,2015,2019,3745,0,2605
New South Wales Land and Housing Corporation,Community Services,State,Social Housing - New Supply,Work-In-Progress,Various,,,2012,2019,214105,31913,169048
New South Wales Land and Housing Corporation,Community Services,Commonwealth,Social Housing Asset Improvement,New Works,Various,,,2015,2019,826067,0,207881
NSW Police Force,Police and Justice,Joint,Bay and Basin Police Station,New Works,Nowra,Shoahaven,Illawarra,2015,2017,5000,0,1414
NSW Police Force,Police and Justice,Private Partnership,Body Worn Video,Work-In-Progress,Various,,,2014,2016,4000,350,3650
NSW Police Force,Police and Justice,State,COPS Phase 3 Technical Migration,Work-In-Progress,Parramatta,Parramatta,Metropolitan Sydney,2013,2017,49029,17249,14327
NSW Police Force,Police and Justice,Commonwealth,Deniliquin Police Station,Work-In-Progress,Deniliquin,Deniliquin,Murray-Murrumbidgee,2010,2017,18354,1634,4755
NSW Police Force,Police and Justice,Joint,Digital Storage Solution,Work-In-Progress,Parramatta,Parramatta,Metropolitan Sydney,2013,2016,2987,2199,788
NSW Police Force,Police and Justice,Private Partnership,Disaster Recovery for Legacy Systems,Work-In-Progress,Parramatta,Parramatta,Metropolitan Sydney,2012,2016,2000,1500,500
NSW Police Force,Police and Justice,State,Enhanced DNA Testing,Work-In-Progress,Various,,,2012,2016,700,219,481
NSW Police Force,Police and Justice,Commonwealth,Fighting the Scourge of Ice,New Works,Various,,,2015,2016,3000,0,1700
NSW Police Force,Police and Justice,Joint,Firearms Licensing System,Work-In-Progress,Various,,,2014,2017,5000,620,3525
NSW Police Force,Police and Justice,Private Partnership,Fit-out for Additional Police Officers' Vehicles,Work-In-Progress,Various,,,2008,2016,8535,7563,972
NSW Police Force,Police and Justice,State,Forensic Services Group Equipment Upgrade,New Works,Various,,,2015,2016,1500,0,1500
NSW Police Force,Police and Justice,Commonwealth,Gunnedah Police Station,New Works,Armidale,Armidale Dumaresq,New England-North West,2015,2017,5500,0,-200
NSW Police Force,Police and Justice,Joint,Hazardous Materials Management Program,Work-In-Progress,Various,,,2011,2017,83063,55821,15500
NSW Police Force,Police and Justice,Private Partnership,Helicopter Downlink Upgrade,Work-In-Progress,Various,,,2014,2016,1600,500,1100
NSW Police Force,Police and Justice,State,High Risk Rapid Deployment System,New Works,Various,,,2015,2016,821,0,821
NSW Police Force,Police and Justice,Commonwealth,I-Learn Facilities Management Phase 2,Work-In-Progress,Goulburn,Goulburn Mulwaree ,South East & Tablelands,2012,2015,2499,2454,45
NSW Police Force,Police and Justice,Joint,Lake Macquarie Local Area Command,Work-In-Progress,Various,Lake Macquarie,Hunter,2011,2017,29136,13124,12202
NSW Police Force,Police and Justice,Private Partnership,Liverpool Police Station,Work-In-Progress,Liverpool,Liverpool,Metropolitan Sydney,2009,2017,28962,13929,11679
NSW Police Force,Police and Justice,State,Mobile Automatic Number Plate Recognition System,Work-In-Progress,Various,,,2014,2016,7000,5000,2000
NSW Police Force,Police and Justice,Commonwealth,Mobility Strategy Pilot Implementation,Work-In-Progress,Various,,,2014,2016,3752,2800,952
NSW Police Force,Police and Justice,Joint,Moss Vale Police Station,Work-In-Progress,Moss Vale,Wingecarribee,South East & Tablelands,2007,2017,14852,797,5161
NSW Police Force,Police and Justice,Private Partnership,Policing for Tomorrow,New Works,Various,,,2015,2018,55000,0,10000
NSW Police Force,Police and Justice,State,Prisoner Transport Vehicles,Work-In-Progress,Various,,,2011,2016,2041,1141,900
NSW Police Force,Police and Justice,Commonwealth,Radio Communication Maintenance Program Phase 7,Work-In-Progress,Various,,,2014,2016,14900,13700,1200
NSW Police Force,Police and Justice,Joint,Replace Covert Observation Vehicle,New Works,Various,,,2015,2016,255,0,255
NSW Police Force,Police and Justice,Private Partnership,Riverstone Police Station,Work-In-Progress,Riverstone,Blacktown,Metropolitan Sydney,2008,2017,19805,7269,12133
NSW Police Force,Police and Justice,State,Surveillance Equipment Replacement,Work-In-Progress,Various,,,2012,2016,1490,1160,330
NSW Police Force,Police and Justice,Commonwealth,Taser Replacement Program,New Works,Various,,,2015,2016,6744,0,3230
NSW Police Force,Police and Justice,Joint,Technology Asset Replacement Program,Work-In-Progress,Various,,,2014,2018,45000,10000,"$13,000"
NSW Police Force,Police and Justice,Private Partnership,Tweed Heads Police Station,Work-In-Progress,Tweed Heads,Tweed,North Coast,2009,2017,25223,6651,13305
NSW Police Force,Police and Justice,State,Voice Infrastructure Migration and Data Network Upgrade,Work-In-Progress,Parramatta,Parramatta,Metropolitan Sydney,2013,2017,20502,9418,9773
NSW Police Force,Police and Justice,Commonwealth,Walgett Police Station,Work-In-Progress,Walgett,Walgett,Far West,2010,2017,16069,12394,3474
NSW Self Insurance Corporation,Government Services,Joint,Data Warehouse Upgrade,New Works,Sydney,Sydney,Metropolitan Sydney,2015,2016,7220,0,7220
NSW Trustee and Guardian,Government Services,Private Partnership,Applications Consolidation and Upgrade,Work-In-Progress,Parramatta,Parramatta,Metropolitan Sydney,2014,2019,2300,128,672
NSW Trustee and Guardian,Government Services,State,Business Intelligence System,Work-In-Progress,Sydney,Sydney,Metropolitan Sydney,2011,2019,884,444,140
NSW Trustee and Guardian,Government Services,Commonwealth,Clarence Street Fit-out,Work-In-Progress,Sydney,Sydney,Metropolitan Sydney,2014,2016,1520,1020,500
NSW Trustee and Guardian,Government Services,Joint,Client Management System,Work-In-Progress,Sydney,Sydney,Metropolitan Sydney,2010,2019,15380,2530,9850
NSW Trustee and Guardian,Government Services,Private Partnership,Corporate Email System,Work-In-Progress,Parramatta,Parramatta,Metropolitan Sydney,2014,2016,325,246,79
NSW Trustee and Guardian,Government Services,State,Data Network Upgrades,Work-In-Progress,Sydney,Sydney,Metropolitan Sydney,2013,2019,2959,1349,1310
NSW Trustee and Guardian,Government Services,Commonwealth,Newcastle Fit-out,Work-In-Progress,Newcastle,Newcastle,Hunter,2013,2016,1589,339,1250
NSW Trustee and Guardian,Government Services,Joint,O'Connell Street Office Upgrade,Work-In-Progress,Sydney,Sydney,Metropolitan Sydney,2012,2017,9915,755,6660
NSW Trustee and Guardian,Government Services,Private Partnership,Records Management System,Work-In-Progress,Parramatta,Parramatta,Metropolitan Sydney,2012,2019,1764,334,930
NSW Trustee and Guardian,Government Services,State,SAP Financial System,New Works,Parramatta,Parramatta,Metropolitan Sydney,2016,2019,3680,0,3380
Office of Environment and Heritage,Government Services,Commonwealth,Acquisition of Satellite Imagery,Work-In-Progress,Various,,,2007,2019,29818,19818,2500
Office of Environment and Heritage,Government Services,Joint,Biodiversity Legislation Reforms Implementation,New Works,Various,,,2015,2017,6510,0,4910
Office of Environment and Heritage,Government Services,Private Partnership,Energy Efficiency Action Plan,Work-In-Progress,Various,,,2014,2017,3268,258,1737
Office of Environment and Heritage,Government Services,State,Enhance Our National Parks,New Works,Various,,,2015,2016,3000,0,3000
Office of Environment and Heritage,Government Services,Commonwealth,Fire Management in National Parks,Work-In-Progress,Various,,,2008,2022,50000,27048,3579
Office of Environment and Heritage,Government Services,Joint,Heritage Information Management System,Work-In-Progress,Various,,,2014,2018,2444,374,850
Office of Environment and Heritage,Government Services,Private Partnership,Iconic Walks Program,Work-In-Progress,Various,,,2013,2018,3000,1200,600
Office of Environment and Heritage,Government Services,State,Land Purchases,Work-In-Progress,Various,,,2002,2019,86213,74213,3000
Office of Environment and Heritage,Government Services,Commonwealth,National Australian Built Environment Rating System (NABERS),Work-In-Progress,Various,,,2014,2019,1000,200,200
"Department of Industry, Skills and Regional Development",Government Services,Joint,COASTAL INFRASTRUCTURE PROGRAM,New Works,Various,,,2015,2019,41400,0,11090
Office of Environment and Heritage,Government Services,Private Partnership,Native Vegetation Systems Program,Work-In-Progress,Various,,,2013,2019,2181,1023,898
Office of Environment and Heritage,Government Services,State,Newcastle Port Corporation Land Acquisition Offset,New Works,Newcastle,Newcastle,Hunter,2015,2016,1978,0,1978
Office of Environment and Heritage,Government Services,Commonwealth,Perisher Range Redevelopment,Work-In-Progress,Perisher Valley,Tumbarumba,Murray-Murrumbidgee,2005,2026,41177,29326,69
Office of Environment and Heritage,Government Services,Joint,Scientific Equipment,Work-In-Progress,Various,,,2012,2019,8400,3600,1200
Office of Environment and Heritage,Government Services,Private Partnership,Scientific Service Capacity Maintenance,Work-In-Progress,Various,,,2011,2019,7230,3600,900
Office of Environment and Heritage,Government Services,State,Warrumbungle Rehabilitation Program,Work-In-Progress,Coonabarabran,Coonamble,Central West & Orana,2013,2016,650,400,250
Office of the Children's Guardian,Community Services,Commonwealth,Accreditation of Out of Home Care Providers,Work-In-Progress,Sydney,Sydney,Metropolitan Sydney,2013,2016,2021,1412,609
Office of the NSW Rural Fire Service,Police and Justice,Joint,Guardian Bush Fire Risk Information Management System,New Works,Lidcombe,,,2015,2017,5220,0,3125
Office of the NSW State Emergency Service,Police and Justice,Private Partnership,Centrally Managed Operational Vehicle Fleet,Work-In-Progress,Various,,,2012-13,2017,24488,10062,8163
Office of the NSW State Emergency Service,Police and Justice,State,Flood Rescue Marine Craft and Equipment,Work-In-Progress,Various,,,2012,2017,1400,780,310
Office of the NSW State Emergency Service,Police and Justice,Commonwealth,Interagency Electronic Messaging,Work-In-Progress,Various,,,2015,2016,972,630,342
Office of the NSW State Emergency Service,Police and Justice,Joint,New Headquarters,New Works,Wollongong,Wollongong,Illawarra,2015,2016,7269,0,7269
Office of the NSW State Emergency Service,Police and Justice,Private Partnership,Replacement of Major Communications Equipment,Work-In-Progress,Various,,,2013,2018,31436,589,7512
Newcastle Port Corporation (trading as Port Authority of NSW),Transport,State,Glebe Island - Reconstruct the Seawall at Wharves 5/6,Work-In-Progress,Balmain,Sydney,Metropolitan Sydney,2015,2017,8938,192,
Newcastle Port Corporation (trading as Port Authority of NSW),Transport,Commonwealth,Overseas Passenger Terminal Redevelopment,Work-In-Progress,Sydney,Sydney,Metropolitan Sydney,2012,2015,,,
Public Service Commission,Government Services,Joint,Human Capital Management Information System,Work-In-Progress,Sydney,Sydney,Metropolitan Sydney,2013,2017,2130,1650,325
Rail Corporation New South Wales (Transport Asset Holding Entity),Transport,Private Partnership,Automatic Train Protection - Tranche 1  ,Work-In-Progress,Various,,,2008,,,157077,29064
Rail Corporation New South Wales (Transport Asset Holding Entity),Transport,State,Digital Train Radio  ,Work-In-Progress,Various,,,2008,2016,360866,298855,19111
Rail Corporation New South Wales (Transport Asset Holding Entity),Transport,Commonwealth,Fixing the Trains Investments  ,Work-In-Progress,Various,,,2013,2021,,154174,41112
Rail Corporation New South Wales (Transport Asset Holding Entity),Transport,Joint,Internal Emergency Door Release  ,Work-In-Progress,Various,,,2006,2015,49069,40669,8400
Rail Corporation New South Wales (Transport Asset Holding Entity),Transport,Private Partnership,Lidcombe to Granville - Corridor Upgrade  ,work in progress,Various,"Auburn,Parramatta",Metropolitan Sydney,2006,2017,,264477,26337
Rail Corporation New South Wales (Transport Asset Holding Entity),Transport,State,Next Generation Rail Fleet  ,Work-In-Progress,Various,"Lithgow,Blue Mountains,Gosford,Wyong,Lake Macquarie,Wollongong,Shell Harbour,Kiama","Metropolitan Sydney,Central Coast,Hunter,Illawarra,Central West & Orana",2014,2024,2800000,15337,94034
Rail Corporation New South Wales (Transport Asset Holding Entity),Transport,Commonwealth,Power Supply  ,Work-In-Progress,Various,,,2004,,,671086,46692
Rail Corporation New South Wales (Transport Asset Holding Entity),Transport,Joint,Rail Network Efficiencies  ,Work-In-Progress,Various,Parramatta,Metropolitan Sydney,2014,,,15295,18239
Rail Corporation New South Wales (Transport Asset Holding Entity),Transport,Private Partnership,Rail Network Efficiencies - Western Sydney Rail Upgrade (Planning),New Works,Various,"Penrith,Blue Mountains,Strathfield,Sydney",Metropolitan Sydney,2015,,,0,19018
Rail Corporation New South Wales (Transport Asset Holding Entity),Transport,State,Rail Operations Centre  ,Work-In-Progress,Various,Sydney,Metropolitan Sydney,2014,,,26403,74405
Rail Corporation New South Wales (Transport Asset Holding Entity),Transport,Commonwealth,Regional Rail Corridor Fleet and Stabling (Planning),New Works,Various,,"Central West & Orana,South East & Tablelands,Murray-Murrumbidgee,Hunter,New England-North West,North Coast",2015,,,0,7500
Rail Corporation New South Wales (Transport Asset Holding Entity),Transport,Joint,Sydney Metro City and Southwest - Planning and Development  ,Work-In-Progress,Various,"Sydney,North Sydney,Willoughby,Marrickville,Canterbury,Bankstown",Metropolitan Sydney,2014,,,35050,83968
Rail Corporation New South Wales (Transport Asset Holding Entity),Transport,Private Partnership,Sydney Metro Northwest (including rollingstock)  ,Work-In-Progress,Various,"Hornsby,The Hills Shire,Blacktown",Metropolitan Sydney,2011,2019,8279000,2154432,976964
Rail Corporation New South Wales (Transport Asset Holding Entity),Transport,State,Train Control Systems  ,Work-In-Progress,Various,,,2014,,,20586,16639
Rail Corporation New South Wales (Transport Asset Holding Entity),Transport,Commonwealth,Transport Access Program  ,Work-In-Progress,Various,"The Hills Shire,Fairfield,Blacktown,Maitland,Sutherland Shire,Wollongong,Newcastle,Lake Macquarie,Ku-ring-gai,Sydney,Marrickville,Hornsby,North Sydney,Ryde,Parramatta,Woollahra,Canterbury,Wyong,Holroyd,Bankstown,Campbelltown,Auburn,Hurstville,Penrith,Canada Bay,Rockdale,Yass Valley,Ashfield,Shellharbour,Liverpool,Manly,Willoughby,Blue Mountains,Wagga Wagga,Orange,Tamworth Regional,Coffs Harbour,Albury,Byron,Wollondilly,Burwood,Gosford,Strathfield,Dubbo,Armidale Dumaresq,Kogarah","Sydney,Hunter,Illawarra,Central Coast,South East & Tablelands,Murray-Murrumbidgee,Central West & Orana,New England-North West,North Coast",2011,,,476549,285032
Rail Corporation New South Wales (Transport Asset Holding Entity),Transport,Joint,Wynyard Station Upgrade  ,Work-In-Progress,Sydney,Sydney,Metropolitan Sydney,2014,2017,115000,29651,43155
Rail Corporation New South Wales (Transport Asset Holding Entity),Transport,Private Partnership,Wynyard Walk  ,Work-In-Progress,Sydney,Sydney,Metropolitan Sydney,2010,2016,306000,202792,78613
Roads and Maritime Services,Roads,State,"Cobb Highway, New Bridge at Echuca-Moama (Planning) (NSW Contribution) ",,Echuca - Moama ,Murray,Murray-Murrumbidgee,,,,3200,2000
Roads and Maritime Services,Roads,Commonwealth,"Kamilaroi Highway, Replacement of the Tulladunna Bridge over Namoi River  ",,Wee Waa,Narrabri Shire,New England-North West,,2016,12000,6700,3700
Roads and Maritime Services,Roads,Joint,"Olympic Highway, Replacement of Kapooka Bridge and Approaches (State and Federal Funded)",,Kapooka,Wagga Wagga,Murray-Murrumbidgee,,2016,55000,22300,24000
Roads and Maritime Services,Roads,Private Partnership,"Oxley Highway, Gunnedah Bridge over Rail (Planning)",,Gunnedah,Gunnedah Shire,New England-North West,,,,4000,3000
Roads and Maritime Services,Roads,State,Program 2: Timber Truss Bridge Replacements and Upgrades ,,Various,,,,,,37400,32350
Roads and Maritime Services,Roads,Commonwealth,Program 3: Bridges for the Bush (Planning),,Various,,,,,,,7350
Roads and Maritime Services,Roads,Joint,"Snowy Mountains Highway, Widen Bemboka River Bridge at Morans Crossing",,Bemboka,Bega Valley,South East & Tablelands,,2016,9000,5300,3700
Roads and Maritime Services,Roads,Private Partnership,"Manns Road, Central Coast Highway to Narara Creek (Planning)",,West Gosford - Narara,Gosford,Central Coast,,,,,500
Roads and Maritime Services,Roads,State,"Pacific Highway and Manns Road, Narara Creek Road, Narara to Parsons Road, Lisarow (Planning)",,Narara - Lisarow,Gosford,Central Coast,,,,12700,2500
Roads and Maritime Services,Roads,Commonwealth,"Pacific Highway, Ourimbah Street, Lisarow to Glen Road, Ourimbah",,Lisarow - Ourimbah,"Gosford,Wyong",Central Coast,,2018,,15000,10000
Roads and Maritime Services,Roads,Joint,"Pacific Highway, Parsons Road, Lisarow to Ourimbah Street, Lisarow (Planning)",,Lisarow,Gosford,Central Coast,,,,2900,3000
Roads and Maritime Services,Roads,Private Partnership,"Pacific Highway, Wyong Road Intersection Upgrade",,Tuggerah,Wyong,Central Coast,,2018,,14000,10000
Roads and Maritime Services,Roads,State,"Pacific Highway, Wyong Town Centre (Planning)",,Wyong,Wyong,Central Coast,,,,10200,1500
Roads and Maritime Services,Roads,Commonwealth,Pacific Motorway (M1) Productivity Package (Planning) (State and Federal Funded),,Various,"Gosford,Wyong",Central Coast,,,,17600,11500
Roads and Maritime Services,Roads,Joint,"Terrigal Drive, Charles Kay Intersection Upgrade",,Terrigal,Gosford,Central Coast,,2016,25000,18500,6000
Roads and Maritime Services,Roads,Private Partnership,Warnervale Link Road Albert Warner Drive to Pacific Highway (Planning),,Watanobbi,Wyong,Central Coast,,,,,500
Roads and Maritime Services,Roads,State,"Wyong Road, Enterprise Drive Intersection Upgrade",,Chittaway Bay,Wyong,Central Coast,,2016,28000,6600,10000
Roads and Maritime Services,Roads,Commonwealth,"Wyong Road, Mingara Drive to Tumbi Road Upgrade",,Tumbi Umbi,Wyong,Central Coast,,2018,,6800,7000
Roads and Maritime Services,Roads,Joint,"Central Coast Highway, Brisbane Water Drive, Manns Road Intersection Upgrade",,West Gosford,Gosford,Central Coast,,2016,165000,149000,7000
Roads and Maritime Services,Roads,Private Partnership,Bus Priority Infrastructure (including Bus Rapid Transit Planning),,Various,,Metropolitan Sydney,,,,,30080
Roads and Maritime Services,Roads,State,"Easing Sydney's Congestion, Pinch Points and Clearways Package 3 (Planning)",,Various,,Metropolitan Sydney,,,,150,5850
Roads and Maritime Services,Roads,Commonwealth,"Easing Sydney's Congestion, Pinch Points and Clearways Packages 1 and 2",,Various,,Metropolitan Sydney,,,246000,89600,50000
Roads and Maritime Services,Roads,Joint,Gateway to the South Pinch Points (Planning),,Various,,Metropolitan Sydney,,,,,6000
Roads and Maritime Services,Roads,Private Partnership,Light Rail Enabling Road Works,,Various,"Sydney,Randwick",Metropolitan Sydney,,,,2500,14900
Roads and Maritime Services,Roads,State,Northern Beaches Bus Rapid Transit,,Various,"Pittwater,Warringah,Manly,Mosman,North Sydney",Metropolitan Sydney,,,,8400,42100
Roads and Maritime Services,Roads,Commonwealth,Smart Motorways (Planning),,Various,,Metropolitan Sydney,,,,18850,15200
Roads and Maritime Services,Roads,Joint,Sydney City Centre Bus Plan,,Various,Sydney,Metropolitan Sydney,,,,24800,6500
Roads and Maritime Services,Roads,Private Partnership,Sydney Motorways Real Time Travel Information,,Various,,Metropolitan Sydney,,,,2000,9000
Roads and Maritime Services,Roads,State,Epping Town Centre Road Upgrades,,Epping,"Parramatta,Hornsby",Metropolitan Sydney,,,,3500,8600
Roads and Maritime Services,Roads,Commonwealth,"Heathcote Road, Deadmans Creek Bridge Upgrade  ",,Sandy Point,"Liverpool,Sutherland",Metropolitan Sydney,,2015,19000,13500,5500
Roads and Maritime Services,Roads,Joint,"Mona Vale Road, Manor Road to Foley Street (Planning)",,Mona Vale,Pittwater,Metropolitan Sydney,,,,3800,2000
Roads and Maritime Services,Roads,Private Partnership,"Mona Vale Road, McCarrs Creek Road to Powder Works Road (Planning)",,Ingleside,"Pittwater,Warringah",Metropolitan Sydney,,,,7500,2500
Roads and Maritime Services,Roads,State,Nepean River Green Bridge  ,,Penrith,Penrith,Metropolitan Sydney,,,,4900,14400
Roads and Maritime Services,Roads,Commonwealth,"Northern Beaches Hospital, Road Connectivity and Network Enhancements",,Frenchs Forest,Warringah,Metropolitan Sydney,,,,29200,42000
Roads and Maritime Services,Roads,Joint,"Prospect Highway and Blacktown Road Widening, Reservoir Road to St Martins Crescent (Planning)",,Prospect,Blacktown,Metropolitan Sydney,,,,6300,4000
Roads and Maritime Services,Roads,Private Partnership,"Showground Road, Old Northern Road to Carrington Road",,Castle Hill,The Hills Shire,Metropolitan Sydney,,2017,,5100,8000
Roads and Maritime Services,Roads,State,Windsor Bridge over Hawkesbury River Replacement (Planning),,Windsor,Hawkesbury,Metropolitan Sydney,,,,15000,500
Roads and Maritime Services,Roads,Commonwealth,Bells Line of Road Corridor Improvement Program Stage 1,,Various,"Hawkesbury,Blue Mountains,Lithgow","Metropolitan Sydney,Central West & Orana",,,,15700,21000
Roads and Maritime Services,Roads,Joint,Bells Line of Road Stage 2 (Chifley Road) (Planning),,Various,"Blue Mountains,Hawkesbury,Lithgow","Metropolitan Sydney,Central West & Orana",,,,800,"$2,000"
Roads and Maritime Services,Roads,Private Partnership,"Bullaburra, Ridge Street to Genevieve Road",,Bullaburra,Blue Mountains,Metropolitan Sydney,,2015,67000,63800,3000
Roads and Maritime Services,Roads,State,Forty Bends and Hartley Valley Safety Improvements (State and Federal Funded),,Hartley,Lithgow,Central West & Orana,,2017,130000,25400,42000
Roads and Maritime Services,Roads,Commonwealth,Katoomba to Mount Victoria Safety Works (State and Federal Funded),,Various,Blue Mountains,Metropolitan Sydney,,,,8200,11000
Roads and Maritime Services,Roads,Joint,"Kelso, Ashworth, Drive to Stockland Drive  ",,Kelso,Bathurst Regional,Central West & Orana,,2016,85000,41000,27000
Roads and Maritime Services,Roads,Private Partnership,"Cormorant Road, Industrial Drive to Stockton Bridge (State and Federal Funded)",,Kooragang Island,Newcastle,Hunter,,2018,,6000,10000
Roads and Maritime Services,Roads,State,Hunter Pinch Points (Planning),,Various,"Lake Macquarie,Maitland,Newcastle",Hunter,,,,,1000
Roads and Maritime Services,Roads,Commonwealth,"New England Highway, Belford to Golden Highway Upgrade (Planning)",,Belford,Singleton,Hunter,,,,800,1000
Roads and Maritime Services,Roads,Joint,"New England Highway, Gowrie Gates, Widen Rail Underpass (Planning) ",,Singleton,Singleton,Hunter,,,,700,500
Roads and Maritime Services,Roads,Private Partnership,"New  England Highway, Muswellbrook Bypass (Planning)",,Muswellbrook,Muswellbrook,Hunter,,,,2600,1000
Roads and Maritime Services,Roads,State,"New England Highway, Scone Bypass and Rail Level Crossing Removal (Planning) (State and Federal Funded)",,Scone,Upper Hunter,Hunter,,,,3600,2000
Roads and Maritime Services,Roads,Commonwealth,"New England Highway, Singleton Bypass (Planning)",,Singleton,Singleton,Hunter,,,,1400,1000
Roads and Maritime Services,Roads,Joint,"New England Highway, Upgrade of Maitland Roundabouts",,Maitland,Maitland,Hunter,,2016,51000,28100,19500
Roads and Maritime Services,Roads,Private Partnership,"Newcastle Inner City Bypass, Rankin Park to Jesmond (Planning)",,Lambton,Newcastle,Hunter,,,,8200,4000
Roads and Maritime Services,Roads,State,"Pacific Motorway (M1), Extension to Raymond Terrace (Planning)",,Hexham,"Newcastle,Port Stephens",Hunter,,,,18100,3000
Roads and Maritime Services,Roads,Commonwealth,"NorthConnex, M1 to M2 Motorway Link (State and Federal Funded)",,Various,"The Hills Shire,Hornsby,Ku-ring-gai",Metropolitan Sydney,,2019,3000000,73500,51330
Roads and Maritime Services,Roads,Joint,Active Transport  ,,Various,,,,,,,30600
Roads and Maritime Services,Roads,Private Partnership,Journey Reliability  ,,Various,,,,,,,44700
Roads and Maritime Services,Roads,State,Rail Interfaces  ,,Various,,,,,,,7300
Roads and Maritime Services,Roads,Commonwealth,Road Freight Safety and Productivity  ,,Various,,,,,,,22000
Roads and Maritime Services,Roads,Joint,Road Safety  ,,Various,,,,,,,122000
Roads and Maritime Services,Roads,Private Partnership,Transport Access Program - Commuter Wharf Upgrades,,Various,,Metropolitan Sydney,,,,,32000
Roads and Maritime Services,Roads,State,Coffs Harbour Bypass (Planning) (State and Federal Funded),,Coffs Harbour,Coffs Harbour,North Coast,,,,52700,2000
Roads and Maritime Services,Roads,Commonwealth,Frederickton to Eungai (State and Federal Funded),,Clybucca,Kempsey,North Coast,,2016,675000,470700,123000
Roads and Maritime Services,Roads,Joint,Kundabung to Kempsey (State and Federal Funded),,"Kempsey, Kundabung",Kempsey,North Coast,,2017,230000,32000,90000
Roads and Maritime Services,Roads,Private Partnership,Nambucca Heads to Urunga (State and Federal Funded),,Urunga,"Nambucca,Bellingen",North Coast,,2016,780000,393600,185000
Roads and Maritime Services,Roads,State,Oxley Highway to Kempsey (Planning and Early Works) (State and Federal Funded),,"Port Macquarie, Kempsey","Port Macquarie-Hastings,Kempsey",North Coast,,,,115900,6000
Roads and Maritime Services,Roads,Commonwealth,Oxley Highway to Kundabung (State and Federal Funded),,"Kundabung, Thrumster","Port Macquarie-Hastings,Kempsey",North Coast,,2017,820000,164700,230000
Roads and Maritime Services,Roads,Joint,Tintenbar to Ewingsdale (State and Federal Funded),,Bangalow,Byron,North Coast,,2015,862000,796700,65000
Roads and Maritime Services,Roads,Private Partnership,Warrell Creek to Nambucca Heads (State and Federal Funded),,Macksville,Nambucca,North Coast,,2017,830000,147500,190000
Roads and Maritime Services,Roads,State,Warrell Creek to Urunga (Planning) (State and Federal Funded) ,,Macksville,Nambucca,North Coast,,,,90300,9230
Roads and Maritime Services,Roads,Commonwealth,Woolgoolga to Ballina (State and Federal Funded),,"Grafton, Maclean","Coffs Harbour,Clarence Valley,Richmond Valley,Ballina",North Coast,,2020,,392100,537000
Roads and Maritime Services,Roads,Joint,Albion Park Rail Bypass (Planning),,Yallah - Oak Flats,"Wollongong,Shellharbour",Illawarra,,,,9300,3000
Roads and Maritime Services,Roads,Private Partnership,Berry to Bomaderry Upgrade (Planning),,Berry - Bomaderry,Shoalhaven,Illawarra,,,,25800,4500
Roads and Maritime Services,Roads,State,Burrill Lake Bridge Replacement  ,,Burrill Lake,Shoalhaven,Illawarra,,2018,,4500,10000
Roads and Maritime Services,Roads,Commonwealth,Dignams Creek Realignment,,Dignams Creek,"Bega Valley,Shoalhaven","South East & Tablelands,Illawarra",,,,8000,800
Roads and Maritime Services,Roads,Joint,"Foxground and Berry Bypass, Toolijooa Road to South Berry",,Berry,"Kiama,Shoalhaven",Illawarra,,2018,580000,195800,140000
Roads and Maritime Services,Roads,Private Partnership,"Gerringong Upgrade, Mount Pleasant to Toolijooa Road",,Gerringong,Kiama,Illawarra,,2015,340000,328100,11900
Roads and Maritime Services,Roads,State,Nowra Bridge over Shoalhaven River (Planning) (State and Federal Funded),,Nowra,Shoalhaven,Illawarra,,,,4100,3000
Roads and Maritime Services,Roads,Commonwealth,"Princes Motorway Improvements, Bulli Tops to Picton Road (Planning) (State and Federal Funded) ",,Cataract,Wollongong,Illawarra,,,,1100,2500
Roads and Maritime Services,Roads,Joint,"Princes Motorway, Interchange at Base of Mount Ousley (Planning)",,Mount Ousley,Wollongong,Illawarra,,,,1000,500
Roads and Maritime Services,Roads,Private Partnership,Termeil Creek Realignment,,Termeil,Shoalhaven,Illawarra,,2016,21000,7900,12000
Roads and Maritime Services,Roads,State,Gocup Road Upgrade,,Gundagai - Tumut,"Gundagai,Tumut Shire",Murray-Murrumbidgee,,2019,70000,7500,15000
Roads and Maritime Services,Roads,Commonwealth,Hume Highway Heavy Duty Pavement (Planning) (State and Federal Funded),,Marulan,Goulburn Mulwaree ,South East & Tablelands,,,,700,1300
Roads and Maritime Services,Roads,Joint,"Kings Highway, River Forest Road Realignment  ",,Nelligen,Palerang,South East & Tablelands,,,,600,6000
Roads and Maritime Services,Roads,Private Partnership,Kosciuszko Road Overtaking Lanes and Safety Improvements  ,,Cooma - Jindabyne,Snowy River,South East & Tablelands,,,,,500
Roads and Maritime Services,Roads,State,Main Road 54 Initial Sealing,,Tuena,Upper Lachlan Shire,South East & Tablelands,,,,2000,3000
Roads and Maritime Services,Roads,Commonwealth,"Mitchell Highway, Guanna Hill Realignment  ",,Molong,Cabonne,Central West & Orana,,2018,,5100,5000
Roads and Maritime Services,Roads,Joint,"Monaro Highway, Overtaking Lanes and Safety Improvements",,Williamsdale - Cooma,Cooma-Monaro,South East & Tablelands,,,,,500
Roads and Maritime Services,Roads,Private Partnership,"New England Highway, Bolivia Hill Upgrade (Planning) (State and Federal Funded)",,Bolivia,Tenterfield,New England-North West,,,,3000,5000
Roads and Maritime Services,Roads,State,"New England Highway, Heavy Duty Pavement (Planning)",,Aberdeen - Willow Tree,"Upper Hunter,Liverpool Plains","Hunter,New England-North West",,,,,1000
Roads and Maritime Services,Roads,Commonwealth,Newell Highway Overtaking Lanes,,Various,,"Murray-Murrumbidgee,Central West & Orana,New England-North West",,,,14000,5500
Roads and Maritime Services,Roads,Joint,Newell Highway Upgrade at Parkes,,Parkes,Parkes,Central West & Orana,,,,800,2000
Roads and Maritime Services,Roads,Private Partnership,"Newell Highway, Grong Grong Realignment  ",,Grong Grong,Narrandera,Murray-Murrumbidgee,,2017,,1000,5000
Roads and Maritime Services,Roads,State,"Newell Highway, Improvements through Dubbo and Duplication of the L.H. Ford Bridge (Planning)",,Dubbo,Dubbo,Central West & Orana,,,,,1000
Roads and Maritime Services,Roads,Commonwealth,"Newell Highway, Moree Bypass Stage 2 (State and Federal)",,Moree,Moree Plains,New England-North West,,2015,30000,21000,3850
Roads and Maritime Services,Roads,Joint,"Newell Highway, Mungle Back Creek to Boggabilla Heavy Duty Pavement (State and Federal Funded)",,Boggabilla,Moree Plains,New England-North West,,,,,4000
Roads and Maritime Services,Roads,Private Partnership,"Newell Highway, Trewilga Realignment",,Trewilga,Parkes,Central West & Orana,,2018,,2600,7000
Roads and Maritime Services,Roads,State,"Newell Highway, West Wyalong Heavy Vehicle Bypass",,West Wyalong,Bland Shire,Murray-Murrumbidgee,,,,1200,4950
Roads and Maritime Services,Roads,Commonwealth,Oxley Highway and Wrights Road Intersection Improvements,,Port Macquarie,Port Macquarie-Hastings,North Coast,,2018,10000,300,6700
Roads and Maritime Services,Roads,Joint,Oxley Highway Safety and Realignment Works (Planning),,Various,"Port Macquarie-Hastings,Walcha","North Coast,New England-North West",,,,,1000
Roads and Maritime Services,Roads,Private Partnership,Oxley Highway Tangaratta Bridge  ,,Tamworth,Tamworth Regional,New England-North West,,2015,8000,4300,1500
Roads and Maritime Services,Roads,State,"Queanbeyan Bypass, Ellerton Drive Extension (State and Federal Funded)",,Queanbeyan,Queanbeyan,South East & Tablelands,,2018,,1300,9000
Roads and Maritime Services,Roads,Commonwealth,Riverina Highway Safety Upgrade,,Lake Hume Village,Albury,Murray-Murrumbidgee,,2018,11000,,5000
Roads and Maritime Services,Roads,Joint,Silver City and Cobb Highway Seal Extension,,Various,"Unincorporated,Central Darling",Far West,,,,10000,9800
Roads and Maritime Services,Roads,Private Partnership,"Summerland Way, Additional Clarence River Crossing",,Grafton,Clarence Valley,North Coast,,2019,,28000,2000
Roads and Maritime Services,Roads,State,Bells Line of Road Castlereagh Connection Corridor Preservation,,Various,"Blacktown,Penrith,Hawkesbury",Metropolitan Sydney,,,,2000,3580
Roads and Maritime Services,Roads,Commonwealth,Gateway to the South M1 Extension (Planning),,Various,"Rockdale,Kogarah,Hurstville,Sutherland Shire,Bankstown",Metropolitan Sydney,,,,1200,3700
Roads and Maritime Services,Roads,Joint,Outer Sydney Orbital Corridor Preservation,,Various,"Wollondilly,Camden,Liverpool,Penrith",Metropolitan Sydney,,,,4600,7520
Roads and Maritime Services,Roads,Private Partnership,Western Harbour Tunnel (Planning),,Various,"Leichardt,North Sydney",Metropolitan Sydney,,,,3400,14000
Roads and Maritime Services,Roads,State,"Sydney Airport East, Wentworth Avenue Extension and Joyce Drive Widening (State and Federal Funded)",,Mascot,Botany Bay,Metropolitan Sydney,,2018,,18100,6000
Roads and Maritime Services,Roads,Commonwealth,"Sydney Airport North, O'Riordan Street Widening (Planning)",,Mascot,Botany Bay,Metropolitan Sydney,,,,7600,2000
Roads and Maritime Services,Roads,Joint,"Sydney Airport West, Marsh Street  ",,Arncliffe,Rockdale,Metropolitan Sydney,,2017,,1800,9000
Roads and Maritime Services,Roads,Private Partnership,WestConnex (State and Federal Funded),,Various,"Auburn,Parramatta,Strathfield,Canada Bay,Ashfield,Canterbury,Rockdale,Marrickville,Leichardt",Metropolitan Sydney,,,,324500,993000
Roads and Maritime Services,Roads,State,"Bandon Road Link, Windsor Road to Richmond Road (Planning)",,Vineyard,Blacktown,Metropolitan Sydney,,,,300,500
Roads and Maritime Services,Roads,Commonwealth,"Camden Valley Way, Bringelly Road to Ingleburn Road",,Leppington,"Camden,Liverpool",Metropolitan Sydney,,2015,88000,72000,16000
Roads and Maritime Services,Roads,Joint,"Campbelltown Road, Camden Valley Way to Denham Court Road (Planning)",,Ingleburn,"Campbelltown,Liverpool",Metropolitan Sydney,,,,8000,1000
Roads and Maritime Services,Roads,Private Partnership,Jane Street and Mulgoa Road Infrastructure Upgrade (Planning) (State and Federal Funded),,Penrith,Penrith,Metropolitan Sydney,,,,1700,2000
Roads and Maritime Services,Roads,State,"Memorial Avenue, Old Windsor Road to Windsor Road (Planning)",,Kellyville,The Hills Shire,Metropolitan Sydney,,,,2300,4000
Roads and Maritime Services,Roads,Commonwealth,"Narellan Road, Camden Valley Way to Blaxland Road (State and Federal Funded)",,"Narellan, Cambelltown","Camden,Campbelltown",Metropolitan Sydney,,2018,114000,26000,27000
Roads and Maritime Services,Roads,Joint,"Old Wallgrove Road, Erskine Park Link Road to M7 (Western Sydney Employment Lands)",,Eastern Creek,Blacktown,Metropolitan Sydney,,2017,95000,29000,30000
Roads and Maritime Services,Roads,Private Partnership,"Richmond Road Stages 2 and 3, Townson Road to North of Garfield Road",,Marsden Park,Blacktown,Metropolitan Sydney,,2016,96000,52200,30000
Roads and Maritime Services,Roads,State,"Schofields Road Stage 2, Tallawong Road to Veron Road",,Schofields,Blacktown,Metropolitan Sydney,,2017,135000,82900,32000
Roads and Maritime Services,Roads,Commonwealth,"Schofields Road Stage 3, Veron Road to Richmond Road via South Street",,Schofields,Blacktown,Metropolitan Sydney,,2018,,22200,12000
Roads and Maritime Services,Roads,Joint,"The Horsley Drive, M7 Motorway to Cowpasture Road (Planning)",,Horsley Park,Fairfield,Metropolitan Sydney,,,,2200,1500
Roads and Maritime Services,Roads,Private Partnership,"Bringelly Road, Camden Valley Way to King Street (State and Federal Funded)",,Leppington,"Camden,Liverpool",Metropolitan Sydney,,2017,220000,66800,50000
Roads and Maritime Services,Roads,State,"Bringelly Road, King Street to The Northern Road (Planning) (State and Federal Funded)",,Leppington,"Camden,Liverpool",Metropolitan Sydney,,,,3100,28000
Roads and Maritime Services,Roads,Commonwealth,"Mulgoa Road, Andrews Road to Glenmore Park (Planning)",,"Penrith, Glenmore Park",-,Metropolitan Sydney,,,,100,1000
Roads and Maritime Services,Roads,Joint,"The Northern Road, Camden Valley Way to Peter Brock Drive (State and Federal Funded)",,Oran Park,Camden,Metropolitan Sydney,,2018,,7100,14000
Roads and Maritime Services,Roads,Private Partnership,"The Northern Road, Mersey Road to the M4 Motorway (Planning) (State and Federal Funded)",,Luddenham,"Penrith,Liverpool",Metropolitan Sydney,,,,2400,11000
Roads and Maritime Services,Roads,State,"The Northern Road, Peter Brock Drive to Mersey Road (Planning) (State and Federal Funded)",,Bringelly,"Camden,Liverpool",Metropolitan Sydney,,,,5500,24000
Roads and Maritime Services,Roads,Commonwealth,Werrington Arterial Road M4 Motorway to Great Western Highway (State and Federal Funded),,Claremont Meadows,Penrith,Metropolitan Sydney,,2016,70000,10600,30000
Roads and Maritime Services,Roads,Joint,"Western Sydney Airport Motorway, M7 to The Northern Road (Planning) (State and Federal Funded) ",,Badgerys Creek,"Fairfield,Liverpool,Penrith",Metropolitan Sydney,,,,600,6000
Royal Botanic Gardens and Domain Trust,Government Services,Private Partnership,Amenities Upgrade at Mount Tomah,Work-In-Progress,Mount Tomah,Blue Mountains,Metropolitan Sydney,2014,2016,2130,225,1905
Royal Botanic Gardens and Domain Trust,Government Services,State,Mt Tomah Entry and Safety Upgrade,New Works,Mount Tomah,Blue Mountains,Metropolitan Sydney,2015,2016,1297,0,1297
Royal Botanic Gardens and Domain Trust,Government Services,Commonwealth,Online Booking and Customer Relationship Management System,New Works,Sydney,Sydney,Metropolitan Sydney,2015,2016,615,0,615
Royal Botanic Gardens and Domain Trust,Government Services,Joint,Sydney Tropical Centre Refurbishment,Work-In-Progress,Sydney,Sydney,metropolitan sydney,2011,2016,19409,6300,13109
Royal Botanic Gardens and Domain Trust,Government Services,Private Partnership,Water Infrastructure Upgrade at Mount Annan,Work-In-Progress,Camden,Camden,Metropolitan Sydney,2014,2016,3642,116,3526
Service NSW,Government Services,State,Customer Service System Integration,Work-In-Progress,Various,,,1899,2017,33000,11619,18381
Service NSW,Government Services,Commonwealth,Digital Channel Enhancements,Work-In-Progress,Various,,,2014,2016,18800,8600,10200
Service NSW,Government Services,Joint,Easy To Do Business Program,New Works,Various,,,2015,2016,4700,0,4700
Service NSW,Government Services,Private Partnership,Newcastle Contact Centre,Work-In-Progress,Newcastle,Newcastle,Hunter,2014,2016,5000,3575,1425
Service NSW,Government Services,State,Payments Gateway,Work-In-Progress,Various,,,2014,2016,14000,3449,10551
Service NSW,Government Services,Commonwealth,Service Centres and Technology Related Assets,Work-In-Progress,Various,,,2013,2016,34472,32370,2102
Service NSW,Government Services,Joint,Service Centres: Consolidation and Enhancement,Work-In-Progress,Various,"Auburn,Blacktown,Campbelltown,Cessnock,Cooma-Monaro,Cowra,Deniliquin,Eurobodalla,Gosford,Great Lakes,Hornsby,Hurstville,Lithgow,Narrabri,Newcastle,Parkes,Pittwater,Richmond Valley,Ryde,Shoalhaven,Singleton,Sutherland Shire,Wollongong,Wyong","Metropolitan Sydney,Hunter,South East & Tablelands,Central West & Orana,Murray-Murrumbidgee,Central Coast,North Coast,New England-North West,Illawarra",2014,2018,78607,30702,42505
Service NSW,Government Services,Private Partnership,Technology Upgrades to Support Increased Scale of Operation,Work-In-Progress,Various,,,2014,2019,30320,9082,4938
State Library of New South Wales,Government Services,State,Building Accessibility and Lift Safety Compliance,New Works,Sydney,Sydney,Metropolitan Sydney,2015,2017,4930,0,2470
State Library of New South Wales,Government Services,Commonwealth,Ongoing Collections and Refurbishment,Work-In-Progress,Sydney,Sydney,Metropolitan Sydney,2015,2019,10000,2000,2000
State Library of New South Wales,Government Services,Joint,Stoneworks,Work-In-Progress,Sydney,Sydney,Metropolitan Sydney,2015,2015,2230,1000,1230
State Transit Authority of New South Wales,Transport,Private Partnership,Depot Facilities Upgrade,Work-In-Progress,Various,,,2009,2017,9200,5914,2209
Sydney Cricket and Sports Ground Trust,Government Services,State,Allianz Stadium Members and Goods Lifts Upgrades,New Works,Moore Park,Sydney,Metropolitan Sydney,2015,2015,560,0,560
Sydney Cricket and Sports Ground Trust,Government Services,Commonwealth,Allianz Stadium Redevelopment,Work-In-Progress,Moore Park,Sydney,Metropolitan Sydney,2012,2016,7402,1602,5800
Sydney Cricket and Sports Ground Trust,Government Services,Joint,Allianz Videoboard Upgrade,Work-In-Progress,Moore Park,Sydney,Metropolitan Sydney,2014,2015,7221,3040,4181
Sydney Cricket and Sports Ground Trust,Government Services,Private Partnership,Asbestos Removal,New Works,Moore Park,Sydney,Metropolitan Sydney,2015,2016,325,0,325
Sydney Cricket and Sports Ground Trust,Government Services,State,Beverage System Infrastructure,Work-In-Progress,Moore Park,Sydney,Metropolitan Sydney,2014,2016,1287,137,1150
Sydney Cricket and Sports Ground Trust,Government Services,Commonwealth,Brewongle Stand Public Address System Upgrade,New Works,Moore Park,Sydney,Metropolitan Sydney,2015,2015,280,0,280
Sydney Cricket and Sports Ground Trust,Government Services,Joint,Catering Facility Upgrades,New Works,Moore Park,Sydney,Metropolitan Sydney,2015,2016,2000,0,2000
Sydney Cricket and Sports Ground Trust,Government Services,Private Partnership,Commemorative Sculptures,New Works,Moore Park,Sydney,Metropolitan Sydney,2015,2015,300,0,300
Sydney Cricket and Sports Ground Trust,Government Services,State,Customer Relationship Management and Records System,New Works,Moore Park,Sydney,Metropolitan Sydney,2015,2015,495,0,495
Sydney Cricket and Sports Ground Trust,Government Services,Commonwealth,Member and Ladies Stand Electronic Residual Protection,New Works,Moore Park,Sydney,Metropolitan Sydney,2015,2015,395,0,395
Sydney Cricket and Sports Ground Trust,Government Services,Joint,New Administrative Building and Training Facilities,New Works,Moore Park,Sydney,Metropolitan Sydney,2015,2016,500,0,500
Sydney Ferries,Transport,Private Partnership,Ferry Fleet Replacement,Work-In-Progress,Various,,,2013,2018,TBC,5757,11753
Sydney Ferries,Transport,State,Growth Ferries - Parramatta River,Work-In-Progress,Various,Canada Bay,Metropolitan Sydney,2015,2018,25000,1000,2000
Sydney Harbour Foreshore Authority,Government Services,Commonwealth,Campbells Cove Public Domain Upgrade,New Works,Sydney,Sydney,Metropolitan Sydney,2015,2017,10000,0,5000
Sydney Harbour Foreshore Authority,Government Services,Joint,Darling Harbour Public Domain Upgrade,Work-In-Progress,Sydney,Sydney,Metropolitan Sydney,2012,2024,27873,2969,7056
Ministry of Health,Health,Private Partnership,Wagga Wagga Rural Referral Hospital Redevelopment,Work-In-Progress,Wagga Wagga,Wagga Wagga,Murray-Murrumbidgee,2011,2017,270100,162886,77106
Sydney Harbour Foreshore Authority,Government Services,State,Marine Structures Upgrade,Work-In-Progress,Sydney,Sydney,Metropolitan Sydney,2011,2017,11818,4318,4600
Sydney Harbour Foreshore Authority,Government Services,Commonwealth,Sydney International Convention Exhibition and Entertainment Precinct Expansion,Work-In-Progress,Sydney,Sydney,Metropolitan Sydney,2011,2017,38719,32161,5277
Sydney Harbour Foreshore Authority,Government Services,Joint,The Goods Line North - Pedestrian and Cycle Corridor,Work-In-Progress,Sydney,Sydney,Metropolitan Sydney,2011,2015,14141,12339,1802
Sydney Harbour Foreshore Authority,Government Services,Private Partnership,The Rocks Public Domain Upgrade,Work-In-Progress,Sydney,Sydney,Metropolitan Sydney,2012,2024,53734,2771,6550
Sydney Harbour Foreshore Authority,Government Services,State,West Circular Quay Public Domain Improvements Stage 1,New Works,Sydney,Sydney,Metropolitan Sydney,2015,2016,800,0,800
Sydney Motorway Corporation Pty Ltd and its subsidiaries,Roads,Commonwealth,WestConnex Stage 1,Work-In-Progress,Various,"Holroyd,Parramatta,Auburn,Strathfield,Burwood,Canada Bay,Ashfield",Metropolitan Sydney,2014,2019,,105723,404180
Sydney Motorway Corporation Pty Ltd and its subsidiaries,Roads,Joint,WestConnex Stage 2,Work-In-Progress,Various,"Marrickville,Ashfield,Canterbury,Rockdale,Hurstville",Metropolitan Sydney,2015,2021,,60341,322871
Sydney Opera House Trust,Government Services,Private Partnership,Theatre Machinery Project,Work-In-Progress,Sydney,Sydney,Metropolitan Sydney,2015,2018,43608,1508,7000
Sydney Opera House Trust,Government Services,State,Upgrade of Lifts and Escalators,Work-In-Progress,Sydney,Sydney,Metropolitan Sydney,2012,2015,18925,13125,"$5,800"
Sydney Opera House Trust,Government Services,Commonwealth,Vehicle Access and Pedestrian Safety Project,Work-In-Progress,Sydney,Sydney,Metropolitan Sydney,2011,2015,156981,153551,3430
Sydney Trains,Transport,Joint,Waratah Rollingstock - Enabling and Ancillary Works,Work-In-Progress,Various,Sydney,Metropolitan Sydney,2004,2015,677962,632485,20881
Sydney Water Corporation,Utilities,Private Partnership,Critical Watermain Program,Work-In-Progress,Various,,,1998,2026,750000,304798,29000
Sydney Water Corporation,Utilities,State,First Ponds Creek Wastewater Project,Work-In-Progress,The Ponds,Blacktown,Metropolitan Sydney,2013,2016,10200,10100,100
Sydney Water Corporation,Utilities,Commonwealth,Green Square Town Centre - Flood Risk Management,Work-In-Progress,Alexandria,Sydney,Metropolitan Sydney,2013,2018,42500,3300,14700
Sydney Water Corporation,Utilities,Joint,Growth Works to Service Urban Development,Work-In-Progress,Various,,,1995,2026,3400000,1038157,166080
Sydney Water Corporation,Utilities,Private Partnership,Information Technology Projects,Work-In-Progress,Various,,,2001,2026,1250000,524847,82000
Sydney Water Corporation,Utilities,State,Maintain  Water Distribution Systems,Work-In-Progress,Various,,,1995,2026,2300000,1362704,81500
Sydney Water Corporation,Utilities,Commonwealth,Maintenance Plant Renewals,Work-In-Progress,Various,,,2001,2026,70000,37687,3100
Sydney Water Corporation,Utilities,Joint,Priority Sewerage Program Bargo,Work-In-Progress,Bargo,Wollondilly,Metropolitan Sydney,2012,2017,49100,47200,800
Sydney Water Corporation,Utilities,Private Partnership,Priority Sewerage Program Buxton,Work-In-Progress,Buxton,Wollondilly,Metropolitan Sydney,2012,2017,36000,33900,1000
Sydney Water Corporation,Utilities,State,Priority Sewerage Program Douglas Park,Work-In-Progress,Douglas Park,Wollondilly,Metropolitan Sydney,2012,2016,14200,13500,700
Sydney Water Corporation,Utilities,Commonwealth,Priority Sewerage Program Galston,Work-In-Progress,Galston,Hornsby,Metropolitan Sydney,2012,2016,25400,20300,5100
Sydney Water Corporation,Utilities,Joint,Priority Sewerage Program Glenorie,Work-In-Progress,Glenorie,Hornsby,Metropolitan Sydney,2012,2016,16700,13600,3100
Roads and Maritime Services,Roads,Private Partnership,"Easing Sydney's Congestion, Pinch Points and Clearways Package 3 (Planning)",,Various ,,Metropolitan Sydney,,,,150,5850
Sydney Water Corporation,Utilities,State,Property Management and Acquisition,work in progress,Various,,,2001,2026,550000,430399,31700
Sydney Water Corporation,Utilities,Commonwealth,Riverstone Wastewater Lead-Ins,Work-In-Progress,Riverstone,Blacktown,Metropolitan Sydney,2013,2017,15800,1300,5500
Sydney Water Corporation,Utilities,Joint,Sewage Overflow Abatement,Work-In-Progress,Various,,,1995,2026,1400000,932259,32700
Sydney Water Corporation,Utilities,Private Partnership,Sewer Network Reliability Upgrades,Work-In-Progress,Various,,,1995,2026,2100000,1138325,90900
Sydney Water Corporation,Utilities,State,Stormwater Asset Renewals,Work-In-Progress,Various,,,2008,2026,550000,43300,21000
  Sydney Water Corporation ,Utilities,Commonwealth,Upgrade Reliability of Sewage Treatment Plants,Work-In-Progress,Various,,,1995,2026,1800000,667661,126900
Sydney Water Corporation,Utilities,Joint,Water Meter Replacement Program,Work-In-Progress,Various,,,1995,2026,260000,127014,9400
TAFE Commission,Education,Private Partnership,Hunter Institute - Newcastle Campus Block D Refurbishment,Work-In-Progress,Tighes Hill,Newcastle,Hunter,2014,2019,,331,
TAFE Commission,Education,State,Illawarra Institute - Growing Flexible Delivery - Information Technology Infrastructure,New Works,Various,,"Illawarra,South East & Tablelands",2015,2018,,0,
TAFE Commission,Education,Commonwealth,Mudgee TAFE - Consolidation,Work-In-Progress,Mudgee,Mid-Western Regional,Central West & Orana,2013,2016,6214,1671,4543
TAFE Commission,Education,Joint,Nepean College Kingswood TAFE - Health and Support Services Facilities,Work-In-Progress,Kingswood,Penrith,Metropolitan Sydney,2012-13,2016,10974,9432,1542
TAFE Commission,Education,Private Partnership,Nepean College Kingswood TAFE - Stage 5,Work-In-Progress,Kingswood,Penrith,Metropolitan Sydney,2013,2016,15437,12599,2838
TAFE Commission,Education,State,New England Institute - Country NSW Connected Learning - Stage 1,Work-In-Progress,Various,,New England-North West,2014,2018,,100,
TAFE Commission,Education,Commonwealth,North Coast Institute Coffs Harbour Education Campus - Applied Construction and Plumbing Technologies Hub,New Works,Coffs Harbour,Coffs Harbour,North Coast,2015,2018,,0,
TAFE Commission,Education,Joint,North Sydney TAFE - Dunbar Building Refurbishment - Stage 2,Work-In-Progress,St Leonards,Willoughby,Metropolitan Sydney,2012,2015,6432,5747,685
TAFE Commission,Education,Private Partnership,Northern Sydney Institute Ryde Campus - Hospitality Training Centre,New Works,Ryde,Ryde,Metropolitan Sydney,2015,2018,,0,
TAFE Commission,Education,State,South Western Sydney Institute Wetherill Park College - Engineering Consolidation,New Works,Wetherill Park,Fairfield,Metropolitan Sydney,2015,2018,,0,
TAFE Commission,Education,Commonwealth,TAFE Customer Billing System - Stage 2,Work-In-Progress,Various,,,2014,2016,,4312,
TAFE Commission,Education,Joint,TAFE NSW Business Systems - Strategic Priority Applications Revivification and Consolidation,New Works,Various,,,2015,2016,,0,
TAFE Commission,Education,Private Partnership,Taree TAFE - Facilities Upgrade,Work-In-Progress,Taree,Greater Taree,North Coast,2012,2016,,1911,
TAFE Commission,Education,State,Ultimo TAFE - New Fashion Design Studio,Work-In-Progress,Ultimo,Sydney,Metropolitan Sydney,2013,2016,,1316,
TAFE Commission,Education,Commonwealth,Ultimo TAFE - Relocation of Building U,Work-In-Progress,Ultimo,Sydney,Metropolitan Sydney,2013,2016,,1924,
TAFE Commission,Education,Joint,Western Institute - TAFE Western Connect - Stage 1,Work-In-Progress,Various,,"Central West & Orana,Far West",2014,2017,,432,
TAFE Commission,Education,Private Partnership,Western Institute - TAFE Western Connect - Stage 2,New Works,Various,,"Central West & Orana,Far West",2015,2019,,0,
TAFE Commission,Education,State,Wetherill Park TAFE - New Transport Engineering Technology Centre,Work-In-Progress,Wetherill Park,Fairfield,Metropolitan Sydney,2013,2016,8953,2989,5964
TAFE Commission,Education,Commonwealth,Young TAFE - New Facilities,Work-In-Progress,Young,Young,South East & Tablelands,2013,2017,,815,
Teacher Housing Authority of New South Wales,Community Services,Joint,Land Purchases,Work-In-Progress,Various,,,2013,2015,1158,808,350
Teacher Housing Authority of New South Wales,Community Services,Private Partnership,New Houses to Meet Demand Growth,New Works,Various,,,2015,2016,4931,0,4931
Teacher Housing Authority of New South Wales,Community Services,State,System Development,New Works,Sydney,Sydney,Metropolitan Sydney,2015,2016,250,0,250
The Legislature,Government Services,Commonwealth,Core Network Infrastructure Replacement,New Works,Sydney,Sydney,Metropolitan Sydney,2015,2016,1364,0,1364
The Legislature,Government Services,Joint,Disabled Access Toilets Upgrade at Parliament House,New Works,Sydney,Sydney,Metropolitan Sydney,2015,2017,2200,0,900
The Legislature,Government Services,Private Partnership,Electorate Office IT Infrastructure Replacement,Work-In-Progress,Sydney,Sydney,Metropolitan Sydney,2014,2016,4859,3673,1186
The Legislature,Government Services,State,Establishment of 6 New Electorate Offices,Work-In-Progress,Sydney,Sydney,Metropolitan Sydney,2014,2016,1084,255,829
The Legislature,Government Services,Commonwealth,Fire and Smoke System Upgrade,Work-In-Progress,Sydney,Sydney,Metropolitan Sydney,2013,2016,2995,2230,765
The Legislature,Government Services,Joint,Historic Buildings Roof Replacement,New Works,Sydney,Sydney,Metropolitan Sydney,2015,2016,2175,0,2175
The Legislature,Government Services,Private Partnership,Historical Building Restoration,New Works,Sydney,Sydney,Metropolitan Sydney,2015,2017,2005,0,805
The Legislature,Government Services,State,Legislative Assembly Air Conditioning System,Work-In-Progress,Sydney,Sydney,Metropolitan Sydney,2014,2016,1138,204,934
The Legislature,Government Services,Commonwealth,Level 7 Seminar Space Upgrade,New Works,Sydney,Sydney,Metropolitan Sydney,2015,2016,1860,0,1860
The Legislature,Government Services,Joint,Lotus Notes/Domino Replacement,Work-In-Progress,Sydney,Sydney,Metropolitan Sydney,2014,2016,4884,1810,3074
The Legislature,Government Services,Private Partnership,Managed Print Services for Electorate Offices,New Works,Sydney,Sydney,Metropolitan Sydney,2015,2016,1030,0,1030
The Legislature,Government Services,State,Members Accommodation Post Election Changes,New Works,Sydney,Sydney,Metropolitan Sydney,2015,2016,250,0,250
The Legislature,Government Services,Commonwealth,Online Processing of Members' Claims Entitlement,New Works,Sydney,Sydney,Metropolitan Sydney,2015,2017,1844,0,1025
The Legislature,Government Services,Joint,"Parliamentary Records Digitisation, Preservation and Access",Work-In-Progress,Sydney,Sydney,Metropolitan Sydney,2014,2016,1399,515,884
Sydney Water Corporation,Utilities,Private Partnership,Water Meter Replacement Program,Work-In-Progress,Various,,,1995,2026,260000,127014,9400
The Legislature,Government Services,State,Replacement of Main Electrical Switchboards and Bus Ducts,Work-In-Progress,Sydney,Sydney,Metropolitan Sydney,2014,2016,4880,400,4480
The Legislature,Government Services,Commonwealth,Tower Block Fit-out,New Works,Sydney,Sydney,Metropolitan Sydney,2015,2016,3153,0,3153
The Legislature,Government Services,Joint,Upgrade of the Legislature's Security Systems,New Works,Sydney,Sydney,Metropolitan Sydney,2015,2016,1890,0,1890
The Treasury,Government Services,Private Partnership,Financial Management Transformation Program,Work-In-Progress,Sydney,Sydney,Metropolitan Sydney,2013,2017,54290,4990,162870
TransGrid,Utilities,State,Line Works,Work-In-Progress,Various,,,,,296056,95444,36157
TransGrid,Utilities,Commonwealth,Substation,Work-In-Progress,Various,,,,,2057092,1208658,215678
TransGrid,Utilities,Joint,Transformers and Equipment,Work-In-Progress,Various,,,,,849544,633777,69782
Transport for NSW,Transport,Private Partnership,51 Replacement Buses for Private Operators  ,New Works,Various,,,2015,2016,23576,0,23576
Transport for NSW,Transport,State,58 Replacement Buses for State Transit Authority  ,New Works,Various,,,2015,2016,26812,0,26812
Transport for NSW,Transport,Commonwealth,80 Growth Buses  ,New Works,Various,,"Metropolitan Sydney,Hunter",2015,2016,41122,0,41122
Roads and Maritime Services,Roads,Joint,Bells Line of Road Castlereagh Connection Corridor Preservation,,Various,"Blacktown,Penrith,Hawkesbury",Metropolitan Sydney,,,,2000,3580
Transport for NSW,Transport,Private Partnership,Barangaroo Ferry Hub  ,Work-In-Progress,Sydney,Sydney,Metropolitan Sydney,2014,2017,,8201,17439
Transport for NSW,Transport,State,Cargo Movement Coordination Centre  ,New Works,Various,Botany Bay,Metropolitan Sydney,2015,,,0,5000
Transport for NSW,Transport,Commonwealth,CBD and South East Light Rail  ,Work-In-Progress,Various,"Randwick,Sydney",Metropolitan Sydney,2011,2019,2100000,349634,120023
Transport for NSW,Transport,Joint,Country Rail Capital Maintenance  ,New Works,Various,,"Central West & Orana,South East & Tablelands,Murray-Murrumbidgee,New England-North West,Far West",2015,2016,104794,0,104794
Transport for NSW,Transport,Private Partnership,Customer Experience - Journey Planner Website and Wayfinding  ,Work-In-Progress,Various,,,2012,,,79561,40173
Transport for NSW,Transport,State,Enterprise Asset Management (EAM) Program  ,Work-In-Progress,Various,,,2015,2018,,41619,84900
Transport for NSW,Transport,Commonwealth,Integrated Road and Transport Operations Management Systems  ,New Works,Various,,,2015,,,0,12057
Transport for NSW,Transport,Joint,Main Western Rail Line Capacity Enhancements - Stage 1 (Planning) ,New Works,Lithgow,"Lithgow,Bathurst Regional",Central West & Orana,2015,,,0,4000
Transport for NSW,Transport,Private Partnership,Newcastle Urban Renewal and Transport Program - Light Rail Project,Work-In-Progress,Various,Newcastle,Hunter,2014,,,69181,102550
Transport for NSW,Transport,State,Next Generation Information Systems  ,Work-In-Progress,Various,,,2014,,336851,113429,103990
Transport for NSW,Transport,Commonwealth,Opal - Delivery Phase  ,Work-In-Progress,Various,,"Metropolitan Sydney,Central Coast,Hunter,Illawarra",2011,2016,,397878,76460
Transport for NSW,Transport,Joint,Parramatta Light Rail (Planning)  ,Work-In-Progress,Various,Parramatta,Metropolitan Sydney,2015,2016,,3914,18756
Transport for NSW,Transport,Private Partnership,Regional Freight Rail Sidings Extensions  ,Work-In-Progress,Various,"Coolamon,Warren","Murray-Murrumbidgee,Central West & Orana",2014,2018,,1700,5000
Transport for NSW,Transport,State,Southern Sydney Freight Line Amplification (Planning)  ,New Works,Sefton,"Bankstown,Fairfield,Liverpool",Metropolitan Sydney,2015,,,0,3000
,Transport,Commonwealth,Transport Service Systems - Passes and Schemes Reform and Customer Entitlement Management ,Work-In-Progress,Various,,,2013,2016,38333,22457,15876
Venues NSW,Government Services,Joint,Pirtek Stadium Upgrade,Work-In-Progress,Parramatta,Parramatta,Metropolitan Sydney,2013,2016,29000,10000,19000
Venues NSW,Government Services,Private Partnership,Venues NSW Stadia Capitalised Maintenance,New Works,Various,"Parramatta,Wollongong,Newcastle","Metropolitan Sydney,Illawarra,Hunter",2015,,,0,
Waste Assets Management Corporation,Utilities,State,Environmental Systems,Work-In-Progress,Eastern Creek,,,2012,2019,1376,380,650
Waste Assets Management Corporation,Utilities,Commonwealth,Landfill Site Development,Work-In-Progress,Eastern Creek,,,2010,2017,11137,10173,456
Waste Assets Management Corporation,Utilities,Joint,Plant and Equipment Replacement,Work-In-Progress,Eastern Creek,,,2011,2019,5641,3619,1217
Water NSW,Utilities,Private Partnership,Burrendong Cold Water Pollution,Work-In-Progress,Various,Wellington,Central West & Orana,2012,2016,3865,3860,5
Water NSW,Utilities,State,Burrinjuck Dam Cableway Upgrade,Work-In-Progress,Yass,Yass Valley,South East & Tablelands,2012,2018,8238,2875,12
Water NSW,Utilities,Commonwealth,Catchments Upgrade,Work-In-Progress,Various,,,1998,2030,34652,2870,1113
Water NSW,Utilities,Joint,Chaffey Augmentation,Work-In-Progress,Tamworth,Tamworth Regional,New England-North West,2013,2016,29202,23613,5589
Water NSW,Utilities,Private Partnership,Chaffey Dam Upgrade Phase 2,Work-In-Progress,Bowling Alley Point,Tamworth Regional,New England-North West,2012,2016,13963,3540,10423
Water NSW,Utilities,State,Fishways Downstream of Burrendong Dam,Work-In-Progress,Wellington,Wellington,Central West & Orana,2012,2019,3509,1435,15
Water NSW,Utilities,Commonwealth,Fishways Downstream of Copeton Dam,Work-In-Progress,Inverell,Gwydir,New England-North West,2011,2020,10702,1549,43
Water NSW,Utilities,Joint,Fishways Downstream of Keepit Dam,Work-In-Progress,Gunnedah,Gunnedah,New England-North West,2011,2018,13767,9781,496
Water NSW,Utilities,Private Partnership,Fishways Downstream of Wyangala,Work-In-Progress,Cowra,Cowra,Central West & Orana,2012,2020,14904,300,15
Water NSW,Utilities,State,General Upgrades,Work-In-Progress,Various,,,1999,2030,126389,8499,6245
Water NSW,Utilities,Commonwealth,"Integrated Surveillance Monitoring, Automation and Remote Telemetry",Work-In-Progress,Various,,,2010,2024,38705,13370,3929
Water NSW,Utilities,Joint,Keepit Dam Upgrade - Phase 1,Work-In-Progress,Keepit,Gunnedah,New England-North West,1994,2020,168256,83495,1323
Water NSW,Utilities,Private Partnership,Lake Brewster - Urgent Component,Work-In-Progress,Hillston,Carrathool,Murray-Murrumbidgee,2014,2017,3295,362,2408
Water NSW,Utilities,State,Menindee Fuse Plug,Work-In-Progress,Menindee,Central Darling,Far West,2012,2016,2781,1369,1412
Water NSW,Utilities,Commonwealth,Metropolitan Dams Upgrade,Work-In-Progress,Various,,,1998,2019,41716,969,3764
Water NSW,Utilities,Joint,North Macquarie Marshes Refurbishment,Work-In-Progress,Warren,Warren,Central West & Orana,2015,2016,3051,34,2839
Water NSW,Utilities,Private Partnership,Prospect Reservoir Upgrade,Work-In-Progress,Prospect,Blacktown,Metropolitan Sydney,1998,2016,88729,15737,8807
Water NSW,Utilities,State,Shoalhaven System Upgrade,Work-In-Progress,Various,,,1998,2019,64057,4121,11336
Water NSW,Utilities,Commonwealth,State Wide Metering,Work-In-Progress,Various,,,2013,2018,27673,9515,18110
Water NSW,Utilities,Joint,Upper Canal Upgrade,Work-In-Progress,Various,,,1998,2030,109498,3973,9982
Water NSW,Utilities,Private Partnership,Warragamba Dam General Upgrade,Work-In-Progress,Warragamba,Wollondilly,Metropolitan Sydney,1997,2026,84688,829,1763
Water NSW,Utilities,State,Warragamba Pipelines Upgrade,Work-In-Progress,Various,,,1998,2022,30080,752,448
Water NSW,Utilities,Commonwealth,Water For Rivers - Computer Aided River Management,Work-In-Progress,Various,,,2011,2016,8891,8883,8
Water NSW,Utilities,Joint,Water For Rivers - Other Water Saving Projects,Work-In-Progress,Various,,,2010,2016,"22,647",22539,108
Water NSW,Utilities,Private Partnership,Wyangala Dam Upgrade - Phase 1,Work-In-Progress,Wyangala,Boorowa,South East & Tablelands,1998,2020,91047,43139,2353
Western Sydney Parklands Trust,Government Services,State,Conservation Works,Work-In-Progress,Various,"Fairfield,Blacktown,Liverpool",Metropolitan Sydney,2008,2024,12708,5643,772
  Western Sydney Parklands Trust ,Government Services,Commonwealth,Development of Bungarribee Park,Work-In-Progress,Eastern Creek,Blacktown,Metropolitan Sydney,2008,2019,22815,7314,5425
Western Sydney Parklands Trust,Government Services,Joint,Eastern Creek Business Hub,Work-In-Progress,Eastern Creek,Blacktown,Metropolitan Sydney,2012,2018,14908,2308,6200
Western Sydney Parklands Trust,Government Services,Private Partnership,Horsley Drive Business Hub,Work-In-Progress,Horsley Park,Fairfield,Metropolitan Sydney,2012,2017,18592,3912,14180
Western Sydney Parklands Trust,Government Services,State,Multipurpose Pathway,Work-In-Progress,Various,"Fairfield,Blacktown,Liverpool",Metropolitan Sydney,2009,2024,18426,7146,800
Western Sydney Parklands Trust,Government Services,Commonwealth,Signage and Track Improvements,Work-In-Progress,Various,"Fairfield,Blacktown,Liverpool",Metropolitan Sydney,2009,2024,7398,4531,405
Western Sydney Parklands Trust,Government Services,Joint,Upgrade and Improve Park Facilities,Work-In-Progress,Various,Fairfield,Metropolitan Sydney,2010,2024,47958,3061,4000
Zoological Parks Board of New South Wales,Government Services,Private Partnership,Taronga Institute of Science and Learning,New Works,Mosman,Mosman,Metropolitan Sydney,2015,2018,23272,0,2500
Zoological Parks Board of New South Wales,Government Services,State,Taronga Zoo - Construction and Restoration Projects,Work-In-Progress,Mosman,Mosman,Metropolitan Sydney,2001,2017,249701,224228,10543
Zoological Parks Board of New South Wales,Government Services,Commonwealth,Visitor Experience - Taronga Western Plains Zoo,New Works,Dubbo,Dubbo,Central West & Orana,2015,2025,48851,0,2781
Zoological Parks Board of New South Wales,Government Services,Joint,Visitor Experience - Taronga Zoo,New Works,Mosman,Mosman,Metropolitan Sydney,2015,2025,114768,0,1805
Zoological Parks Board of New South Wales,Government Services,Private Partnership,Western Plains Zoo - Construction and Restoration Projects,Work-In-Progress,Dubbo,Dubbo,Central West & Orana,2001,2016,-34842,34077,765
