AgencyName,AgencyCategory,ProjectName,Type,Location,LGA,Region,StartYear,CompletionYear,ETC,EstSpendTo20150630,Allocation201516
Fire and Rescue NSW,Police and Justice,Gulgong Land and New Station,New Works,Gulgong,Mid-Western Regional,Central West & Orana,2015,2017,920000,0,250000
Fire and Rescue NSW,Police and Justice,Henty Land and New Station,New Works,Henty,Greater Hume Shire,Murray-Murrumbidgee,2015,2018,920000,0,150000
TAFE Commission,Education,Hunter Institute Newcastle Campus - Customer Service and Industry Development Centre,New Works,Tighes Hill,Newcastle,Hunter,2015,2017,,0,
Department of Education,Education,Old Kings School Site Primary School (new school),New Works,Parramatta,Parramatta,Metropolitan Sydney,2015,2018,,0,
Department of Justice,Police and Justice,Northern Region Correctional Centre,New Works,Grafton,Clarence Valley,North Coast,2015,2019,,0,
Fire and Rescue NSW,Police and Justice,Batlow Land and New Station,New Works,Batlow,Tumut Shire,Murray-Murrumbidgee,2015,2017,920000,0,270000
Fire and Rescue NSW,Police and Justice,Murrurundi Land and New Station,New Works,Murrurundi,Upper Hunter,Hunter,2015,2017,920000,0,270000
Fire and Rescue NSW,Police and Justice,Nyngan Land and New Station,New Works,Nyngan,Bogan,Central West & Orana,2015,2017,920000,0,270000
Museum of Applied Arts and Sciences,Government Services,Relocation of Powerhouse Museum to Parramatta,New Works,Parramatta,Parramatta,Metropolitan Sydney,2015,2017,10000000,0,5000000
New South Wales Electoral Commission,Government Services,Election Systems Upgrade,Work-In-Progress,Sydney,,,2013,2016,3147000,2370000,777000
New South Wales Electoral Commission,Government Services,Lobbyist Database,Work-In-Progress,Sydney,,,2014,2016,400000,232000,168000
New South Wales Land and Housing Corporation,Community Services,Social Housing - New Supply,New Works,Various,,,2015,2019,1122418000,0,159878000
Ombudsman's Office,Government Services,Fit-out for Office Accommodation,New Works,Sydney,Sydney,Metropolitan Sydney,2015,2016,"1,000",0,1000000
State Library of New South Wales,Government Services,Digitisation for Regional Delivery Program,Work-In-Progress,Sydney,,,2012,2022,62277000,15194000,8377000
State Library of New South Wales,Government Services,Heritage Discovery and Asset Management,Work-In-Progress,Sydney,,,2012,2016,10200000,9708000,492000
State Transit Authority of New South Wales,Transport,Depot Facilities Electrical Upgrade,New Works,Mona Vale,Pittwater,Metropolitan Sydney,2015,2016,513000,0,513000
State Transit Authority of New South Wales,Transport,Depot Infrastructure Upgrade,Work-In-Progress,North Sydney,North Sydney,Metropolitan Sydney,2013,2016,1872000,272000,1600000
Transport for NSW,Transport,Business System Improvements  ,Work-In-Progress,Sydney,Sydney,Metropolitan Sydney,2012,2017,,126743000,52637000
Centennial Park and Moore Park Trust,Government Services,E.S. Marks Safety Upgrade,New Works,Centennial Park,Sydney,Metropolitan Sydney,2015,2016,2887000,0,2887000
Rail Corporation New South Wales (Transport Asset Holding Entity),Transport,Northern Sydney Freight Corridor  ,Work-In-Progress,Various,Hornsby,Metropolitan Sydney,2011,2016,1044651000,766366000,123670000
City West Housing Pty Limited,Community Services,Affordable Housing - Botany Road,Work-In-Progress,Alexandria,Sydney,Metropolitan Sydney,2015,2018,27376000,10206000,826000
City West Housing Pty Limited,Community Services,Affordable Housing - Bourke Street,Work-In-Progress,Waterloo,Sydney,Metropolitan Sydney,2014,2018,34548000,14152000,700000
City West Housing Pty Limited,Community Services,Affordable Housing - Cowper Street,Work-In-Progress,Glebe,Sydney,Metropolitan Sydney,2011,2017,32212000,302000,1766000
City West Housing Pty Limited,Community Services,Affordable Housing - Joynton Avenue,Work-In-Progress,Zetland,Sydney,Metropolitan Sydney,2011,2016,40723000,18888000,21835000
Department of Education,Education,Bella Vista Public School (new school),New Works,Bella Vista,The Hills Shire,Metropolitan Sydney,2015,2018,,0,
,Education,Cairnsfoot School Relocation,Work-In-Progress,Arncliffe,Rockdale,Metropolitan Sydney,2008,2016,16776000,4237000,12539000
Department of Education,Education,Dubbo Networked Specialist School (new school),New Works,Dubbo,Dubbo,Central West & Orana,2015,2019,,0,
Department of Education,Education,Glenmore Park School (new school),Work-In-Progress,Glenmore Park,Penrith,Metropolitan Sydney,2014,2017,,545000,
Department of Education,Education,Lower North Shore Public School (new school),Work-In-Progress,Cammeray,North Sydney,Metropolitan Sydney,2013,2016,24978000,8524000,16454000
Department of Education,Education,Narellan School (new school),New Works,Narellan,Camden,metropolitan sydney,2015,2018,,0,
Department of Education,Education,Narrabri Public School Upgrade,work in progress,Narrabri,Narrabri,New England-North West,2014,2016,,206000,
Department of Education,Education,Rowland Hassall School Relocation,New Works,Old Guildford,Fairfield,metropolitan sydney,2015,2017,,0,
Department of Education,Education,Rutherford High School Upgrade and Maitland Tutorial Centre Relocation,Work-In-Progress,Rutherford,Maitland,Hunter,2013,2016,19997000,10649000,9348000
Department of Education,Education,Wentworth Point Public School (new school),Work-In-Progress,Wentworth Point,Auburn,Metropolitan Sydney,2013,2017,,1050000,
Fire and Rescue NSW,Police and Justice,Ballina Land and New Station,Work-In-Progress,Ballina,Ballina,North Coast,2013,2016,4340000,1914000,2426000
Fire and Rescue NSW,Police and Justice,Head Office Relocation,Work-In-Progress,Various,"Sydney,Strathfield",Metropolitan Sydney,2013,2017,24358000,5735000,12697000
Fire and Rescue NSW,Police and Justice,Lambton Land and New Station,Work-In-Progress,Lambton,Newcastle,Hunter,2013,2016,4600000,3150000,1450000
Fire and Rescue NSW,Police and Justice,Maryland Land and New Station,Work-In-Progress,Maryland,Newcastle,Hunter,2013,2016,3600000,950000,2650000
Fire and Rescue NSW,Police and Justice,Ropes Crossing (Dunheved) Land and New Station,Work-In-Progress,Tregear,Blacktown,Metropolitan Sydney,2013,2016,3394000,2138000,1256000
Fire and Rescue NSW,Police and Justice,Rutherford Land and New Station,Work-In-Progress,Rutherford,Maitland,Hunter,2013,2016,4200000,1897000,2303000
Fire and Rescue NSW,Police and Justice,Windsor (South Windsor) Land and New Station,Work-In-Progress,South Windsor,Hawkesbury,Metropolitan Sydney,2013,2016,3100000,2577000,523000
Ministry of Health,Health,Auburn Hospital - Hydraulic Maintenance,Work-In-Progress,Auburn,Auburn,Metropolitan Sydney,2014,2015,1000000,914000,86000
Ministry of Health,Health,"The Bright Alliance comprising the Nelune Comprehensive Cancer Centre, Scientia and The Sydney Children's Hospital Network at Randwick Campus",Work-In-Progress,Randwick,Randwick,Metropolitan Sydney,2011,2016,114000000,43667000,53785000
Museum of Applied Arts and Sciences,Government Services,Castle Hill Chillers,New Works,Castle Hill,The Hills Shire,Metropolitan Sydney,2015,2016,900000,0,900000
Newcastle Port Corporation (trading as Port Authority of NSW),Transport,Glebe Island - Silos Rectifications,New Works,Balmain,Sydney,Metropolitan Sydney,2016,2016,2388000,0,
Newcastle Port Corporation (trading as Port Authority of NSW),Transport,Moores Wharf Roof Rectification,New Works,Sydney,Sydney,Metropolitan Sydney,2016,2016,,0,
State Records Authority of New South Wales,Government Services,Critical Engineering Services Upgrade,New Works,Kingswood,Penrith,Metropolitan Sydney,2015,2016,3320000,0,3320000
State Records Authority of New South Wales,Government Services,Integrated Collection Management,Work-In-Progress,Kingswood,Penrith,Metropolitan Sydney,2014,2016,2318000,70000,2248000
Sydney Olympic Park Authority,Government Services,Developer Funded Precinct Improvements,Work-In-Progress,Sydney Olympic Park,Auburn,Metropolitan Sydney,2006,2019,65917000,30257000,15710000
Historic Houses Trust of New South Wales,Government Services,10-Year Capital Maintenance Program,New Works,Various,"Woollahra,Sydney,Blacktown,Ku-ring-gai,Shoalhaven,Parramatta","Metropolitan Sydney,Illawarra",2016,2026,28000000,0,1379000
Endeavour Energy,Utilities,Line Works,,Various,,,,,965234000,795742000,49477000
Endeavour Energy,Utilities,Substation,,Various,,,,,376124000,246950000,53166000
Aboriginal Housing Office,Community Services,Aboriginal Housing - New Supply,New Works,Various,,,2015,2019,61868000,0,13152000
Aboriginal Housing Office,Community Services,Aboriginal Housing - New Supply,Work-In-Progress,Various,,,2011,2016,14428000,12127000,2301000
Aboriginal Housing Office,Community Services,National Partnership - Remote Indigenous Housing New Supply and Employment Related Accommodation,Work-In-Progress,Various,,,2012,2018,25166000,11093000,12815000
Aboriginal Housing Office,Community Services,National Partnership - Remote Indigenous Housing New Supply and Employment Related Accommodation,New Works,Various,,,2015,2018,29161000,0,9662000
Art Gallery of New South Wales,Government Services,Acquisition of Works of Art,Work-In-Progress,Sydney,Sydney,Metropolitan Sydney,2019,2010,30841000,22881000,1990000
Art Gallery of New South Wales,Government Services,Building Maintenance Program,Work-In-Progress,Sydney,Sydney,Metropolitan Sydney,2010,2019,23114000,12634000,2620000
Art Gallery of New South Wales,Government Services,Lighting Upgrade and Air-Conditioning Duct Work,New Works,Sydney,Sydney,Metropolitan Sydney,2015,2016,1200000,0,1200000
Art Gallery of New South Wales,Government Services,Next Stages of Planning for New Wing,Work-In-Progress,Sydney,Sydney,Metropolitan Sydney,2013,2016,14831000,6931000,7900000
Art Gallery of New South Wales,Government Services,Repairs on Vestibule and Portico Concrete,New Works,Sydney,Sydney,Metropolitan Sydney,2015,2016,400000,0,400000
Art Gallery of New South Wales,Government Services,Replacement of Chiller Units,New Works,Sydney,Sydney,Metropolitan Sydney,2015,2016,1650000,0,1650000
Art Gallery of New South Wales,Government Services,Safety Upgrade,Work-In-Progress,Sydney,Sydney,Metropolitan Sydney,2014,2016,4067000,2067000,2000000
Ausgrid,Utilities,Line Works,Work-In-Progress,Various,,,,,582627000,520613000,59802000
Ausgrid,Utilities,Substation,Work-In-Progress,Various,,,,,1047437000,795672000,95595000
Ausgrid,Utilities,Transformers and Equipment,Work-In-Progress,Various,,,,,221326000,171545000,19857000
Australian Museum,Government Services,Planning for the New Museum,Work-In-Progress,Darlinghurst,Sydney,Metropolitan Sydney,2014,2016,4722000,1033000,3689000
Australian Museum,Government Services,Stage One: Australian Museum Transformation,Work-In-Progress,Darlinghurst,Sydney,Metropolitan Sydney,2014,2016,5890000,4420000,1470000
Barangaroo Delivery Authority,Government Services,Barangaroo Central - Precinct Planning,Work-In-Progress,Sydney,Sydney,Metropolitan Sydney,2013,2015,7621000,6121000,1500000
Barangaroo Delivery Authority,Government Services,Headland Park and Barangaroo North Public Domain - Design and Construction,Work-In-Progress,Sydney,Sydney,Metropolitan Sydney,2009,2015,249025000,240025000,9000000
"Board of Studies, Teaching and Educational Standards",Education,ICT Systems Integration,Work-In-Progress,Sydney,Sydney,Metropolitan Sydney,2014,2016,2855000,626000,2229000
"Board of Studies, Teaching and Educational Standards",Education,Online Services Applications Development,New Works,Sydney,Sydney,Metropolitan Sydney,2016,2016,800000,0,800000
Centennial Park and Moore Park Trust,Government Services,Environmental Tourism Facilities,Work-In-Progress,Centennial Park,Sydney,Metropolitan Sydney,2013,2016,1230000,624000,606000
Centennial Park and Moore Park Trust,Government Services,Robertson Road Synthetic Fields,Work-In-Progress,Centennial Park,Sydney,Metropolitan Sydney,2014,2016,1983000,337000,1646000
Centennial Park and Moore Park Trust,Government Services,Strategic Asset Management Program,Work-In-Progress,Centennial Park,Sydney,Metropolitan Sydney,2013,2017,19470000,8214000,5178000
City West Housing Pty Limited,Community Services,Affordable Housing,New Works,Unknown,,,2016,2019,32920000,0,10335000
Crown Solicitor's Office,Police and Justice,Practice Management System,Work-In-Progress,Sydney,Sydney,Metropolitan Sydney,2015,2016,4900000,250000,4650000
Department of Education,Education,Artarmon Public School Upgrade,New Works,Artarmon,Willoughby,Metropolitan Sydney,2015,2018,,0,
Department of Education,Education,Bardia Public School Upgrade,New Works,Bardia,Campbelltown,Metropolitan Sydney,2015,2018,,0,
Department of Education,Education,Bellevue Hill Public School Upgrade,Work-In-Progress,Bellevue Hill,Woollahra,Metropolitan Sydney,2014,2016,,720000,
Water NSW,Utilities,Catchments Upgrade,Work-In-Progress,Various,,,1998,2030,34652000,2870000,1113000
Department of Education,Education,Bourke Street Public School Upgrade,Work-In-Progress,Surry Hills,Sydney,metropolitan sydney,2014,2016,,606000,
Department of Education,Education,Bowral Public School Upgrade,Work-In-Progress,Bowral,Wingecarribee,South East & Tablelands,2014,2016,,296000,
Department of Education,Education,Brewarrina Central School Upgrade,Work-In-Progress,Brewarrina,Brewarrina,Far West,2014,2016,3276000,486000,2790000
Department of Education,Education,Centre for Education Statistics and Evaluation Implementation Project,Work-In-Progress,Various,,,2013,2015,8228000,5291000,2937000
Department of Education,Education,Cherrybrook Technology High School Upgrade,New Works,Cherrybrook,Hornsby,Metropolitan Sydney,2015,2018,,0,
Department of Education,Education,Denison College of Secondary Education Bathurst High Campus Upgrade and New Gym,Work-In-Progress,Bathurst,Bathurst Regional,Central West & Orana,2012,2015,8388000,8088000,300000
Department of Education,Education,Harbord Public School Upgrade,Work-In-Progress,Freshwater,Warringah,Metropolitan Sydney,2014,2017,,988000,
Department of Education,Education,Homebush West Public School Upgrade,New Works,Homebush West,Strathfield,Metropolitan Sydney,2015,2018,,0,
Department of Education,Education,Human Resource and Payroll System for Schools,Work-In-Progress,Various,,,2014,2018,,1000000,
Department of Education,Education,Hunter Sports High School Upgrade,Work-In-Progress,Gateshead,n/a,Hunter,2014,2017,,1225000,
Department of Education,Education,Lucas Gardens School Upgrade,Work-In-Progress,Canada Bay,Canada Bay,Metropolitan Sydney,2014,2017,,1000000,
Department of Education,Education,Manly Vale Public School Upgrade,Work-In-Progress,Manly Vale,Warringah,Metropolitan Sydney,2014,2017,,1298000,
Department of Education,Education,Moree East Public School Upgrade,Work-In-Progress,Moree,Moree Plains,New England-North West,2014,2017,15001000,2132000,10167000
Department of Education,Education,Mowbray Public School Upgrade,unknown,Lane Cove North,Willoughby,Metropolitan Sydney,2013,2016,20700000,10374000,10326000
Department of Education,Education,North Sydney 7-10 Comprehensive High School (new school),Work-In-Progress,Crows Nest,Lane Cove,Metropolitan Sydney,2014,2016,8000000,7060000,940000
Department of Education,Education,Parry School Relocation,Work-In-Progress,West Tamworth,Tamworth Regional,New England-North West,2013,2015,3486000,3286000,200000
Department of Education,Education,Point Clare Public School Upgrade,Work-In-Progress,Point Clare,Gosford,Central Coast,2014,2016,,720000,
Department of Education,Education,Rainbow Street Public School Upgrade,New Works,Randwick,Randwick,Metropolitan Sydney,2015,2018,,0,
Department of Education,Education,Randwick Public School Upgrade,New Works,Randwick,Randwick,Metropolitan Sydney,2015,2018,,0,
Department of Education,Education,Spring Farm Public School (new school),Work-In-Progress,Spring Farm,Camden,Metropolitan Sydney,2013,2016,12498000,6651000,5847000
Department of Education,Education,Ultimo Public School (new school),Work-In-Progress,Ultimo,Sydney,Metropolitan Sydney,2014,2018,,200000,
Department of Education,Education,Walgett Community College High School Upgrade,Work-In-Progress,Walgett,Walgett,Far West,2014,2017,7641000,702000,4769000
Department of Education,Education,Wilton Public School Upgrade,Work-In-Progress,Wilton,Wollondilly,Metropolitan Sydney,2014,2016,4145000,1168000,2977000
Department of Education,Education,Yeoval Central School Upgrade,Work-In-Progress,Yeoval,Cabonne,Central West & Orana,2013,2015,1751000,1451000,300000
Department of Family and Community Services,Community Services,Corporate and Shared Services Projects,Work-In-Progress,Liverpool,Liverpool,Metropolitan Sydney,2014,2017,48092000,947000,35145000
Department of Family and Community Services,Community Services,Accommodation for People with Disability: Fire and Building Safety Mitigation,Work-In-Progress,Various,,,2013,2017,53897000,28059000,17121000
Department of Family and Community Services,Community Services,Child Protection IT System Improvements: Frontline System Support,Work-In-Progress,Ashfield,Ashfield,Metropolitan Sydney,2014,2018,60130000,4297000,26133000
Department of Family and Community Services,Community Services,Accommodation for People with Disability: Hunter Residences,Work-In-Progress,Various,,Hunter,2014,2016,,30000000,28000000
Department of Family and Community Services,Community Services,Stronger Together 2 Accommodation for People with Disability: Large Residential Centre Redevelopments - Metro,NULL,Various,,,2010,2016,134000000,91241000,42759000
Department of Family and Community Services,Community Services,Stronger Together 2 Accommodation for People with Disability: Large Residential Centre Redevelopments - Non Government Organisation,Work-In-Progress,Various,,,2011,2018,87802000,37865000,2022000
Department of Family and Community Services,Community Services,Stronger Together 2 Accommodation for People with Disability: Large Residential Centre Redevelopments - Stockton,Work-In-Progress,Various,,,2011,2016,13069000,9992000,3077000
Department of Family and Community Services,Community Services,Stronger Together 2 Accommodation for People with Disability: Supported Accommodation,Work-In-Progress,Various,,,2010,2016,202444000,157686000,44758000
"Department of Finance, Services and Innovation",Government Services,Accelerating Digital Alignment OneGov,New Works,Sydney,Sydney,Metropolitan Sydney,2015,2017,4784000,0,2626000
"Department of Finance, Services and Innovation",Government Services,Accommodation Strategy,Work-In-Progress,Parramatta,Parramatta,Metropolitan Sydney,2011,2019,36326000,N/A,180000
,Government Services,Building Improvements,Work-In-Progress,Bathurst,Bathurst Regional,Central West & Orana,2010,2017,7036000,5036000,1000000
"Department of Finance, Services and Innovation",Government Services,Business Systems Reinvestment and Renewal Program,Work-In-Progress,Parramatta,Parramatta,Metropolitan Sydney,2014,2016,8426000,6421000,2005000
"Department of Finance, Services and Innovation",Government Services,Business Volume Future Growth Program,Work-In-Progress,Sydney,Sydney,Metropolitan Sydney,2013,2105,8545000,2545000,1500000
"Department of Finance, Services and Innovation",Government Services,Cadastral 2020,Work-In-Progress,Sydney,Sydney,Metropolitan Sydney,2013,2017,5973000,2403000,1876000
"Department of Finance, Services and Innovation",Government Services,Corporate and Shared Services Reform Project,Work-In-Progress,Sydney,Sydney,Metropolitan Sydney,2010,2016,7730000,5530000,2200000
"Department of Finance, Services and Innovation",Government Services,Data Centre Consolidation Acceleration Program,Work-In-Progress,Sydney,Auburn,Metropolitan Sydney,2013,2019,13360000,8860000,1125000
"Department of Finance, Services and Innovation",Government Services,Data Conversion and Cleansing,Work-In-Progress,Bathurst,Bathurst Regional,Central West & Orana,2013,2019,14010000,3010000,2000000
"Department of Finance, Services and Innovation",Government Services,Debt Collection,Work-In-Progress,Parramatta,Parramatta,Metropolitan Sydney,2014,2016,2000000,1273000,727000
"Department of Finance, Services and Innovation",Government Services,Duties Program and Duties Online Lodgement System,Work-In-Progress,Parramatta,Parramatta,Metropolitan Sydney,2014,2016,5635000,4169000,1466000
"Department of Finance, Services and Innovation",Government Services,Future Business Development Program,Work-In-Progress,Sydney,Sydney,Metropolitan Sydney,2013,2019,3782000,730000,250000
"Department of Finance, Services and Innovation",Government Services,Human Capital Management System Phase 2,New Works,Sydney,Sydney,Metropolitan Sydney,2015,2016,2700000,0,2700000
"Department of Finance, Services and Innovation",Government Services,ICT Development Program,Work-In-Progress,Various,Sydney,Metropolitan Sydney,2014,2019,24700000,4700000,4500000
"Department of Finance, Services and Innovation",Government Services,ICT Projects,Work-In-Progress,Various,Sydney,Metropolitan Sydney,2004,2019,66642000,48930000,4428000
"Department of Finance, Services and Innovation",Government Services,Increased Tax Compliance Enhancement,Work-In-Progress,Parramatta,Parramatta,Metropolitan Sydney,2013,2016,2040000,1045000,995000
"Department of Finance, Services and Innovation",Government Services,Information System Enhancements,Work-In-Progress,Sydney,Sydney,Metropolitan Sydney,2001,2019,180482000,143134000,7287000
"Department of Finance, Services and Innovation",Government Services,Office Refurbishment and Rationalisation,Work-In-Progress,Various,Sydney,Metropolitan Sydney,2005,2019,110547000,68227000,10580000
"Department of Finance, Services and Innovation",Government Services,OneGov Digital Services Gateway,Work-In-Progress,Sydney,Sydney,Metropolitan Sydney,2013,2019,6373000,2462000,1100000
"Department of Finance, Services and Innovation",Government Services,Plan of Survey Cadestral Fabric,Work-In-Progress,Bathurst,Bathurst Regional,Central West & Orana,2013,2017,5318000,1918000,1700000
"Department of Finance, Services and Innovation",Government Services,Public Works ICT,New Works,Sydney,Sydney,Metropolitan Sydney,2015,2017,11200000,0,3900000
"Department of Finance, Services and Innovation",Government Services,Replacement of Manual Processes Program,Work-In-Progress,Sydney,Sydney,Metropolitan Sydney,2013,2019,6174000,600000,1274000
"Department of Finance, Services and Innovation",Government Services,Spatial data Infrastructure Program,Work-In-Progress,Bathurst,Bathurst Regional,Central West & Orana,2014,2019,17977000,2344000,3800000
"Department of Finance, Services and Innovation",Government Services,StateFleet Motor Vehicles,Work-In-Progress,Various,,,2007,2019,4024914000,3050655000,229586000
"Department of Finance, Services and Innovation",Government Services,Technology Asset Replacement Program,Work-In-Progress,Parramatta,Parramatta,Metropolitan Sydney,2014,2019,11840000,2368000,2368000
"Department of Finance, Services and Innovation",Government Services,Titling Development Program,Work-In-Progress,Sydney,Sydney,Metropolitan Sydney,2014,2019,13196000,1696000,2800000
"Department of Finance, Services and Innovation",Government Services,Total Asset Upgrade Program,Work-In-Progress,Parramatta,Parramatta,Metropolitan Sydney,2010,2019,11049000,8845000,551000
"Department of Finance, Services and Innovation",Government Services,Transition to Cloud Based Corporate and Shared Services,New Works,Sydney,Sydney,Metropolitan Sydney,2015,2016,4811000,0,4811000
"Department of Finance, Services and Innovation",Government Services,Whole of Government Data Centre,Work-In-Progress,Various,N/A,Metropolitan Sydney,2014,2016,4719000,2272000,2447000
"Department of Industry, Skills and Regional Development",Government Services,Bethungra Dam Stabilisation,Work-In-Progress,Bethungra,Junee,Murray-Murrumbidgee,2013,2016,3935000,332000,3603000
"Department of Industry, Skills and Regional Development",Government Services,Coastal Infrastructure Program,New Works,Various,,,2015,2019,41400000,0,11090000
"Department of Industry, Skills and Regional Development",Government Services,Construct Artificial Reefs,Work-In-Progress,Various,,,2015,2016,2900000,100000,2800000
"Department of Industry, Skills and Regional Development",Government Services,Dredging of Priority Waterways on the North Coast,Work-In-Progress,Various,,North Coast,2014,2018,9000000,1500000,2500000
"Department of Industry, Skills and Regional Development",Government Services,Implementation of Aquifer Interference Policy,Work-In-Progress,Various,,,2014,2015,3886000,1996000,1890000
"Department of Industry, Skills and Regional Development",Government Services,Regional Office Accommodation Strategy,Work-In-Progress,Various,,,2014,2018,9987000,3350000,2808000
"Department of Industry, Skills and Regional Development",Government Services,Replacement of Fisheries Offshore Patrol Vessel,New Works,Coffs Harbour,Coffs Harbour,North Coast,2015,2017,2500000,0,1250000
"Department of Industry, Skills and Regional Development",Government Services,Tibooburra Aerodrome - Remedial Actions,New Works,Tibooburra,Unincorporated NSW,Far West,2015,2016,500000,0,500000
"Department of Industry, Skills and Regional Development",Government Services,W B Clarke Geoscience Core Storage Expansion,Work-In-Progress,Londonderry,Penrith,Metropolitan Sydney,2014,2016,5987000,1200000,4787000
"Department of Industry, Skills and Regional Development",Government Services,Water Monitoring Framework,New Works,Various,,,2015,2020,22810000,0,4562000
"Department of Industry, Skills and Regional Development",Government Services,Water Reform in the Murray Darling Basin,Work-In-Progress,Various,,,2014,2019,1000000,250000,400000
Department of Justice,Police and Justice,Arts NSW Wharf 4/5 Substructure,New Works,Sydney,Sydney,Metropolitan Sydney,2015,2017,1277000,0,675000
Department of Justice,Police and Justice,Crime Reduction Initiatives,Work-In-Progress,Various,,,2014,2016,39400000,19216000,20184000
Department of Justice,Police and Justice,Justice Audio Visual Link Consolidation,Work-In-Progress,Various,,,2014,2018,40000000,10000000,10000000
Department of Justice,Police and Justice,Justice Core ICT Program,Work-In-Progress,Various,,,2014,2016,27900000,13800000,14100000
Department of Justice,Police and Justice,Justice KidsLink,New Works,Sydney,,,2015,2016,2085000,0,2085000
Department of Justice,Police and Justice,Justice Online,Work-In-Progress,Sydney,,,2014,2016,9218000,5759000,3459000
Department of Justice,Police and Justice,Justice Shared Corporate Services,Work-In-Progress,Sydney,Sydney,Metropolitan Sydney,2012,2017,46270000,11056000,24071000
Department of Justice,Police and Justice,New Sydney Central Children's Court,Work-In-Progress,Sydney,Sydney,Metropolitan Sydney,2014,2018,31135000,9216000,4701000
Department of Justice,Police and Justice,Newcastle Justice Precinct,Work-In-Progress,Newcastle,Newcastle,Hunter,2010,2015,89685000,69085000,20600000
Department of Justice,Police and Justice,NSW Civil and Administrative Tribunal Implementation,Work-In-Progress,Various,,,2014,2016,8583000,5186000,3397000
Department of Justice,Police and Justice,Parklea Correctional Centre Expansion,New Works,Parklea,Blacktown,Metropolitan Sydney,2015,2018,,0,
Department of Justice,Police and Justice,"Registry of Births, Deaths and Marriages Relocation",New Works,Various,Sydney,Metropolitan Sydney,2015,2016,7300000,0,7300000
Department of Justice,Police and Justice,Sydney CBD Decentralisation,Work-In-Progress,Various,Sydney,Metropolitan Sydney,2014,2018,14504000,5780000,6465000
Department of Justice,Police and Justice,Wagga Wagga Courthouse Upgrade,Work-In-Progress,Wagga Wagga,Wagga Wagga,Murray-Murrumbidgee,2012,2016,16955000,5955000,11000000
Department of Justice,Police and Justice,Walsh Bay Arts Precinct-Planning and Detail Design,New Works,Sydney,Sydney,Metropolitan Sydney,2015,2017,10641000,0,5118000
Department of Justice,Police and Justice,Wollongong Courthouse Upgrade,Work-In-Progress,Wollongong,Wollongong,Illawarra,2012,2016,14989000,9389000,5600000
Department of Planning and Environment,Government Services,ePlanning Stage 1,Work-In-Progress,Various,,,2014,2015,30000000,22000000,8000000
Department of Planning and Environment,Government Services,ePlanning Stage 2,New Works,Various,,,2015,2017,21789000,0,11858000
Department of Premier and Cabinet,Government Services,Corporate and Shared Services Reform,New Works,Sydney,Sydney,Metropolitan Sydney,2015,2017,4300000,0,2300000
Department of Premier and Cabinet,Government Services,Counter Terrorism: Martin Place Enhancements,New Works,Sydney,Sydney,Metropolitan Sydney,2015,2018,2700000,0,1600000
Department of Premier and Cabinet,Government Services,Government House Ground Floor Building Works,New Works,Sydney,Sydney,Metropolitan Sydney,2015,2016,1180000,0,1180000
Department of Premier and Cabinet,Government Services,Government House Maintenance Program,New Works,Sydney,Sydney,Metropolitan Sydney,2015,2019,3552000,0,499000
Department of Premier and Cabinet,Government Services,Government House Security Gates,New Works,Sydney,Sydney,Metropolitan Sydney,2015,2016,250000,0,250000
Department of Premier and Cabinet,Government Services,Government Organisational View database (GO View),New Works,Sydney,,,2015,2016,595000,0,595000
Department of Premier and Cabinet,Government Services,IT Program,Work-In-Progress,Sydney,Sydney,Metropolitan Sydney,2013,2016,6952000,3952000,3000000
Department of Premier and Cabinet,Government Services,Leasehold Improvements,Work-In-Progress,Sydney,Sydney,Metropolitan Sydney,2013,2015,36218000,34488000,1730000
Department of Premier and Cabinet,Government Services,Update eReporting Tool,New Works,Sydney,,,2015,2016,500000,0,500000
Endeavour Energy,Utilities,Transformers and Equipment,Work-In-Progress,Various,,,,,2661357000,1945036000,215417000
Environment Protection Authority,Government Services,Container Deposit Registration System,New Works,Various,,,2015-16,2017,300000,0,150000
Environment Protection Authority,Government Services,Coal Seam Gas Regulatory Training and Community Education,New Works,Various,,,2015,2016,1012000,0,1012000
Environment Protection Authority,Government Services,Digital Stakeholder Management Solution,New Works,Various,,,2015,2018,2752000,0,647000
Environment Protection Authority,Government Services,Gas Team Regulatory Compliance - Equipment,New Works,Various,,,2015,2016,700000,0,700000
Environment Protection Authority,Government Services,Regulatory and Communication System Enhancement,Work-In-Progress,Various,,,2013,2017,5681000,3631000,1591000
Essential Energy,Utilities,Line Works,Work-In-Progress,Various,,,,,95436000,57185000,23056000
Essential Energy,Utilities,Line Works,New Works,Orange,Orange City,Central West & Orana,2015,2016,3075000,0,3075000
Essential Energy,Utilities,Substation,Work-In-Progress,Various,,,,,115504000,42881000,48777000
Fire and Rescue NSW,Police and Justice,Abermain New Station,New Works,Abermain,Cessnock,Hunter,2015,2017,1000000,0,350000
Fire and Rescue NSW,Police and Justice,Marsden Park Land and New Station,New Works,Marsden Park,Blacktown,Metropolitan Sydney,2015,2018,4600000,0,1700000
Fire and Rescue NSW,Police and Justice,Mount Druitt New Station,New Works,Mount Druitt,Blacktown,Metropolitan Sydney,2015,2017,2950000,0,200000
Fire and Rescue NSW,Police and Justice,Oran Park Land and New Station,New Works,Oran Park,Camden,Metropolitan Sydney,2015,2018,4400000,0,1500000
Fire and Rescue NSW,Police and Justice,Replacement of Fire Appliances,Work-In-Progress,Various,,,2011,2019,117451000,49451000,17000000
Fire and Rescue NSW,Police and Justice,Replacement of Radios and Portable Receivers,Work-In-Progress,Various,,,2012,2019,21496000,14332000,500000
Fire and Rescue NSW,Police and Justice,Wingham Fire Station Extension,New Works,Wingham,Greater Taree,North Coast,2015,2016,350000,0,350000
Fire and Rescue NSW,Police and Justice,Wollongong Fire Station Refurbishment,New Works,Wollongong,Wollongong,Illawarra,2015,2018,4950000,0,-500000
Forestry Corporation of New South Wales,Government Services,Construction - Buildings and Installations,Work-In-Progress,Castle Hill,The Hills Shire,Metropolitan Sydney,2010,2016,1241000,1001000,240000
Government Property NSW,Government Services,Building Refurbishment Program,Work-In-Progress,Various,,,2001,2019,111284000,75943000,10708000
Government Property NSW,Government Services,Business Services Program,Work-In-Progress,Sydney,Sydney,Metropolitan Sydney,2007,2019,12856000,7911000,3190000
Government Property NSW,Government Services,Property Development Program,New Works,Various,,,2015,2016,6675000,0,6675000
Historic Houses Trust of New South Wales,Government Services,Capital Maintenance Program,Work-In-Progress,Various,"Woollahra,Sydney,Blacktown,Ku-ring-gai,Shoalhaven,Parramatta","Metropolitan Sydney,Illawarra",2014,2017,4399000,904000,2163000
Hunter Water Corporation,Utilities,Backlog Sewer Scheme,New Works,Various,"Port Stephens,Wallsend,Maitland,Lake Macquarie,Charlestown,Newcastle,Swansea,Cessnock,Upper Hunter",Hunter,2015,2025,1402000,0,525000
Hunter Water Corporation,Utilities,Enhancement of Wastewater Infrastructure,New Works,Various,"Port Stephens,Wallsend,Maitland,Lake Macquarie,Charlestown,Newcastle,Swansea,Cessnock,Upper Hunter",Hunter,2015,2025,212274000,0,3247000
Hunter Water Corporation,Utilities,Enhancement of Wastewater Infrastructure,Work-In-Progress,Various,"Port Stephens,Wallsend,Maitland,Lake Macquarie,Charlestown,Newcastle,Swansea,Cessnock,Upper Hunter",Hunter,2004,2025,171428000,59136000,38889000
Hunter Water Corporation,Utilities,Enhancement of Water Infrastructure,New Works,Various,"Port Stephens,Wallsend,Maitland,Lake Macquarie,Charlestown,Newcastle,Swansea,Cessnock,Upper Hunter",Hunter,2015,2016,1784000,0,1784000
Hunter Water Corporation,Utilities,Enhancement of Water Infrastructure,Work-In-Progress,Various,"Port Stephens,Wallsend,Maitland,Lake Macquarie,Charlestown,Newcastle,Swansea,Cessnock,Upper Hunter",HUNTER,2007,2019,128158000,124576000,3016000
Hunter Water Corporation,Utilities,Enterprise Resource Planning (ERP) System,Work-In-Progress,Newcastle,Newcastle,Hunter,2012,2016,14406000,13671000,735000
Hunter Water Corporation,Utilities,Housing Acceleration Fund 2 Upgrades,Work-In-Progress,Various,Maitland,HUNTER,2014,2017,21000000,203000,8262000
Hunter Water Corporation,Utilities,Telemetry System Upgrade,Work-In-Progress,Various,"Port Stephens,Wallsend,Maitland,Lake Macquarie,Charlestown,Newcastle,Swansea,Cessnock,Upper Hunter",Hunter,2009,2026,10096000,2487000,556000
Independent Commission Against Corruption,Police and Justice,Information and Communication Technology Upgrade,Work-In-Progress,Sydney,Sydney,Metropolitan Sydney,2011,2016,5895000,5465000,430000
Independent Commission Against Corruption,Police and Justice,Relocation and Fit-Out,Work-In-Progress,Sydney,Sydney,Metropolitan Sydney,2013,2016,5613000,5513000,100000
Independent Pricing and Regulatory Tribunal,Government Services,Fit-out of New Accommodation,Work-In-Progress,Sydney,Sydney,Metropolitan Sydney,2014,2016,3745000,3345000,400000
Information and Privacy Commission,Government Services,Enhancements to Government Information (Public Access) Management System,Work-In-Progress,Sydney,Sydney,Metropolitan Sydney,2014,2016,TBA,206000,94000
Local Land Services,Government Services,Local Land Services Office Integration,New Works,Various,,,2015,2016,5044000,0,5044000
Long Service Corporation,Government Services,Integrated Leave System,New Works,Gosford,Gosford,Central Coast,2016,2018,5817000,0,2496000
  Minister Administering the Environmental Planning and Assessment Act ,Government Services,General Land Acquisition,Work-In-Progress,Various,,,2007,2019,290363000,190363000,25000000
Ministry of Health,Health,Ambulance Fleet Replacement Program - Next Phase,Work-In-Progress,Rozelle,,,2015,2020,56735000,0,9500000
Ministry of Health,Health,Ambulance Information Communication Technology,Work-In-Progress,Rozelle,,,2012,2019,27958000,7496000,5500000
Ministry of Health,Health,Ambulance Medical Equipment Replacement Program - Next Phase,Work-In-Progress,Rozelle,,,2015,2020,17500000,0,2500000
Ministry of Health,Health,Ambulance Radio Network Infrastructure,Work-In-Progress,Various,,,2012,2018,14870000,8170000,700000
Ministry of Health,Health,Armidale Hospital Redevelopment,New Works,Armidale,Armidale Dumaresq,New England-North West,2015,2019,,0,1000000
Ministry of Health,Health,Asset Refurbishment / Replacement Strategy (State-wide),Work-In-Progress,Various,,,2014,2024,500000000,8000000,50000000
Ministry of Health,Health,Ballina District Hospital Upgrade,Work-In-Progress,Ballina,Ballina,North Coast,2015,2016,4500000,500000,4000000
Ministry of Health,Health,Blacktown / Mount Druitt Hospitals Redevelopment Stage 1,Work-In-Progress,Blacktown,Blacktown,Metropolitan Sydney,2012,2018,259187000,175259000,777561000
Ministry of Health,Health,Blacktown and Mount Druitt Hospitals Redevelopment Stage 2,New Works,Blacktown,Blacktown,Metropolitan Sydney,2021,2015,,0,30000000
Ministry of Health,Health,Blacktown and Mount Druitt Hospitals Redevelopment Stage 2 - Planning,Work-In-Progress,Blacktown,Blacktown,Metropolitan Sydney,2014,2015,1500000,1100000,400000
Ministry of Health,Health,Blacktown Hospital Car Park,Work-In-Progress,Blacktown,Blacktown,Metropolitan Sydney,2012,2015,24230000,24097000,133000
Ministry of Health,Health,Bowral Hospital Redevelopment,New Works,Bowral,Wingecarribee,South East & Tablelands,2015,2018,,0,2000000
Ministry of Health,Health,Broken Hill Hospital and Dental Facility Reconfiguration,New Works,Broken Hill,Broken Hill,Far West,2015,2018,,0,2000000
Ministry of Health,Health,Bulli Hospital Aged Care Centre of Excellence,New Works,Bulli,Wollongong,Illawarra,2015,2018,19340000,0,1000000
Ministry of Health,Health,Bulli Hospital Aged Care Centre of Excellence,Work-In-Progress,Bulli,Wollongong,Illawarra,2014,2016,14460000,779000,13681000
Ministry of Health,Health,Byron Central Hospital,Work-In-Progress,Ewingsdale,Byron,North Coast,2014,2016,88000000,26134000,"$57,366"
Ministry of Health,Health,Campbelltown Hospital Clinical School (State and University of Western Sydney Jointly Funded),Work-In-Progress,Campbelltown,Campbelltown,Metropolitan Sydney,2014,2016,18000000,9000000,9000000
Ministry of Health,Health,Campbelltown Hospital Redevelopment Stage 1,Work-In-Progress,Campbelltown,Campbelltown,Metropolitan Sydney,2011,2016,133086000,114136000,3994000
Ministry of Health,Health,Coffs Harbour Hospital Car Park,Work-In-Progress,Coffs Harbour,Coffs Harbour,North Coast,2014,2015,7600000,6426000,1174000
Ministry of Health,Health,Community Health and Outpatients Information System,Work-In-Progress,Chatswood,,,2009,2017,100703000,80072000,17548000
Ministry of Health,Health,Coraki HealthOne,New Works,Coraki,Richmond Valley,North Coast,2015,2017,4000000,0,2250000
Ministry of Health,Health,Corporate Systems 2B,Work-In-Progress,Chatswood,,,2011,2017,77400000,52875000,9675000
Ministry of Health,Health,Critical ICT Infrastructure Enhancements Phase 3,Work-In-Progress,Chatswood,,,2014,2016,51100000,40528000,10572000
Ministry of Health,Health,Dubbo Hospital - Stages 1 and 2,Work-In-Progress,Dubbo,Dubbo,Central West & Orana,2011,2016,91300000,77748000,8438000
Ministry of Health,Health,Electronic Medical Record - Rollout to Clinical Specialties,Work-In-Progress,Various,,,2011,2017,85400000,63826000,17278000
Ministry of Health,Health,Electronic  Medical Record User Interface Enhancements,New Works,Chatswood,,,2015,2016,4000000,0,4000000
Ministry of Health,Health,Electronic Medications Management System,Work-In-Progress,Chatswood,,,2011,2018,170300000,69117000,33793000
Ministry of Health,Health,Energy Efficiency Government Program (EEGP) Projects in Northern Sydney and Western NSW Local Health Districts,Work-In-Progress,Various,,,2015,2016,2649000,94000,2555000
Ministry of Health,Health,Eurobodalla Renal Dialysis and Oncology Clinics Relocation,Work-In-Progress,Moruya,Eurobodalla,South East & Tablelands,2014,2015,6754000,3417000,3337000
Ministry of Health,Health,Fluoridation Program,Work-In-Progress,Various,,,2014,2019,7500000,1600000,1550000
Ministry of Health,Health,Gosford Hospital Redevelopment,Work-In-Progress,Gosford,Gosford,Central Coast,2014,2019,368000000,10011000,30000000
Ministry of Health,Health,Grafton Hospital Ambulatory Care ,New Works,Grafton,Clarence Valley,North Coast,2015,2016,,0,250000
Ministry of Health,Health,Gulgong Multipurpose Service,Work-In-Progress,Gulgong,Mid-Western Regional,Central West & Orana,2011,2015,8000000,7647000,353000
Ministry of Health,Health,HealthOne Ivanhoe,Work-In-Progress,Ivanhoe,Central Darling,Far West,2013,2015,1900000,322000,1578000
Ministry of Health,Health,Hillston Multipurpose Service Redevelopment,Work-In-Progress,Hillston,Carrathool,Murray-Murrumbidgee,2013,2015,12400000,12351000,49000
Ministry of Health,Health,Hornsby Ku-ring-gai Hospital Redevelopment Stage 1,Work-In-Progress,Hornsby,Hornsby,Metropolitan Sydney,2012,2016,120995000,98912000,22083000
Ministry of Health,Health,Illawarra Hospitals (Shellharbour / Shoalhaven) - Planning,Work-In-Progress,Shellharbour,"Shellharbour,Shoalhaven",Illawarra,2013,2016,7060000,4102000,2958000
Ministry of Health,Health,Incident Information Management System (IIMS),Work-In-Progress,Chatswood,,,2012,2015,22218000,11992000,10226000
Ministry of Health,Health,Infrastructure Planning,Work-In-Progress,Various,,,2014,2017,15900000,12881000,2049000
Ministry of Health,Health,Intensive Care Unit Clinical Information System,Work-In-Progress,Chatswood,,,2011,2017,43130000,19235000,14924000
Ministry of Health,Health,John Hunter Children's Hospital Neonatal Intensive Care Unit,Work-In-Progress,New Lambton Heights,Newcastle,Hunter,2014,2017,7000000,534000,1050000
Ministry of Health,Health,John Hunter Children's Hospital Paediatric Intensive Care Unit,Work-In-Progress,New Lambton Heights,Newcastle,Hunter,2014,2016,14000000,9700000,4300000
Ministry of Health,Health,Kempsey Ambulance Station,Work-In-Progress,Kempsey,Kempsey,North Coast,2014,2016,3322000,1521000,1801000
Ministry of Health,Health,Kempsey District Hospital Redevelopment Stage 1,Work-In-Progress,Kempsey,Kempsey,North Coast,2013,2016,81900000,53293000,21394000
Ministry of Health,Health,Lismore Base Hospital Redevelopment Stage 3A,Work-In-Progress,Lismore,Lismore,North Coast,2013,2017,80250000,47721000,26824000
Ministry of Health,Health,Lismore Hospital Car Park,Work-In-Progress,Lismore,Lismore,North Coast,2014,2016,9271000,2721000,5693000
Ministry of Health,Health,Lismore Hospital Redevelopment Stage 3B,New Works,Lismore,Lismore,North Coast,2015,2019,,0,-30207000
Ministry of Health,Health,Local Initiatives Program 2015-16 - for Locally Funded Projects,New Works,Various,,,2015,2016,120000000,0,120000000
Ministry of Health,Health,Long Bay Forensic Hospital Cyclical Maintenance,Work-In-Progress,Malabar,Randwick,Metropolitan Sydney,2010,2025,24196000,2253000,579000
Ministry of Health,Health,Long Jetty Renal Dialysis,Work-In-Progress,Long Jetty,Wyong,Central Coast,2014,2016,3500000,1300000,2200000
Ministry of Health,Health,Macksville Hospital Redevelopment,New Works,Macksville,Nambucca,North Coast,2015,2019,,0,1500000
Ministry of Health,Health,Manning Hospital Redevelopment Stage 1 (Renal and Oncology),New Works,Taree,Greater Taree,North Coast,2015,2019,,0,1350000
Ministry of Health,Health,Medical Research Infrastructure Initiatives (Phase 1),New Works,Various,,,2015,2017,70000000,0,45000000
Ministry of Health,Health,Missenden Mental Health Unit at Royal Prince Alfred Hospital (includes Brain and Mind Institute Research Beds),Work-In-Progress,Camperdown,Sydney,Metropolitan Sydney,2012,2015,67000000,66184000,816000
Ministry of Health,Health,"Multipurpose Services (MPS) Strategy Stage 5 First tranche for Barham, Bonalbo, Molong, Walgett and planning for future new works",New Works,Various,,,2015,2022,78896000,0,29000000
Ministry of Health,Health,Multipurpose Service Strategy Stage 5 Planning and Development,Work-In-Progress,Various,,,2013,2018,31294000,3819000,650000
Ministry of Health,Health,Muswellbrook Hospital Redevelopment Stage 2,New Works,Muswellbrook,Muswellbrook,Hunter,2015,2019,19975000,0,1715000
Ministry of Health,Health,New Maitland Hospital - Planning and Site Preparation,Work-In-Progress,Maitland,Maitland,Hunter,2013,2016,20000000,7843000,9859000
Ministry of Health,Health,Newcastle Mater Hospital Cyclical Maintenance,Work-In-Progress,Newcastle,Newcastle,Hunter,2008,2025,45891000,7100000,6712000
Ministry of Health,Health,Northern Beaches - Mona Vale Hospital and Community Health,Work-In-Progress,Frenchs Forest,Pittwater,Metropolitan Sydney,2013,2019,,90859000,46007000
Ministry of Health,Health,Orange Base Hospital Cyclical Maintenance,Work-In-Progress,Orange,Orange,Central West & Orana,2008,2025,109256000,21784000,4530000
Ministry of Health,Health,Parkes and Forbes Hospitals,Work-In-Progress,Various,"Parkes,Forbes",Central West & Orana,2012,2016,110726000,56394000,37785000
Ministry of Health,Health,Peak Hill Multipurpose Service Redevelopment,Work-In-Progress,Peak Hill,Parkes,Central West & Orana,2013,2015,12000000,11491000,509000
Ministry of Health,Health,"Planning for Future New Works (Prince of Wales, Tweed, Forensic Pathology and Sydney Children's Hospital Network)",New Works,Various,,,2015,2016,11887000,0,11887000
Ministry of Health,Health,Port Macquarie Base Hospital Expansion,Work-In-Progress,Port Macquarie,Port Macquarie-Hastings,North Coast,2011,2015,104000000,100675000,3325000
Ministry of Health,Health,Royal North Shore Hospital Clinical Services Building,Work-In-Progress,St Leonards,Willoughby,Metropolitan Sydney,2010,2015,159902000,155473000,
Ministry of Health,Health,Royal North Shore Hospital Community Health Services (Retained Costs),Work-In-Progress,St Leonards,Willoughby,Metropolitan Sydney,2002,2016,156420000,152420000,4000000
Ministry of Health,Health,Royal North Shore Hospital Cyclical Maintenance,Work-In-Progress,St Leonards,Willoughby,Metropolitan Sydney,2008,2025,158826000,23800000,6868000
Ministry of Health,Health,"Rural Ambulance First tranche includes Berry, Harden, Molong Wagga Wagga and planning for future new works",New Works,Various,"Shoalhaven,Harden,Cabonne","Illawarra,South East & Tablelands,Central West & Orana",2015,2025,,0,14462000
Ministry of Health,Health,Ryde Hospital Upgrade,New Works,Ryde,Ryde,Metropolitan Sydney,2015,2017,9000000,0,1560000
Ministry of Health,Health,South East Regional Hospital Bega,Work-In-Progress,Bega,Bega Valley,South East & Tablelands,2012,2017,187090000,146303000,38663000
Ministry of Health,Health,St George Hospital Redevelopment - Acute Services Building Part A,Work-In-Progress,Kogarah,Kogarah,Metropolitan Sydney,2014,2021,282000000,10899000,20000000
Ministry of Health,Health,St George Hospital Redevelopment - Acute Services Building Part B,New Works,Kogarah,Kogarah,Metropolitan Sydney,2015,2017,25000000,0,5000000
Ministry of Health,Health,St Vincent's Hospital Psychiatric Alcohol and Non-prescription Drug Assessment (PANDA) Unit and Emergency Department Enhancements,New Works,Darlinghurst,Sydney,Metropolitan Sydney,2015,2018,14000000,0,1500000
Ministry of Health,Health,State-wide Planning and Asset Maintenance,Work-In-Progress,North Sydney,North Sydney,Metropolitan Sydney,2011,2017,6217000,1388000,3959000
Ministry of Health,Health,Sutherland Hospital Car Park,Work-In-Progress,Caringbah,Sutherland Shire,Metropolitan Sydney,2014,2015,9100000,9073000,27000
Ministry of Health,Health,Sutherland Hospital Expansion,Work-In-Progress,Caringbah,Sutherland Shire,Metropolitan Sydney,2014,2017,62900000,5297000,32240000
Ministry of Health,Health,Sydney Ambulance Metropolitan Infrastructure Strategy,Work-In-Progress,Various,"Liverpool,Bankstown,Blacktown,Rockdale,Penrith",Metropolitan Sydney,2014,2019,150000000,15173000,36234000
Ministry of Health,Health,Sydney Local Health District Aged Care and Rehabilitation Network Configuration,Work-In-Progress,Various,,,2014,2017,6400000,500000,2000000
Ministry of Health,Health,Tamworth Hospital Redevelopment Stage 2,Work-In-Progress,Tamworth,Tamworth Regional,New England-North West,2012,2017,210825000,172615000,30619000
Ministry of Health,Health,Wagga Wagga Rural Referral Hospital Redevelopment,Work-In-Progress,Wagga Wagga,Wagga Wagga,Murray-Murrumbidgee,2011,2017,270100000,162886000,77106000
Ministry of Health,Health,Westmead Hospital Car Park,New Works,Westmead,Parramatta,Metropolitan Sydney,2015,2018,,0,27100000
Ministry of Health,Health,Westmead Hospital Redevelopment Stage 1A,Work-In-Progress,Westmead,Parramatta,Metropolitan Sydney,2014,2021,430000000,15698000,23152000
Historic Houses Trust of New South Wales,Government Services,10-Year Capital Maintenance Program,New Works,Various,"Woollahra,Sydney,Blacktown,Ku-ring-gai,Shoalhaven,Parramatta","Metropolitan Sydney,Illawarra",2016,2026,28000000,0,1379000
Ministry of Health,Health,Westmead Hospital Redevelopment Stage 1B,New Works,Westmead,Parramatta,Metropolitan Sydney,2015,2020,,0,45000000
Ministry of Health,Health,Whole of Government Data Centre Migration,Work-In-Progress,Various,,,2013,2017,31422000,19199000,8473000
Ministry of Health,Health,Wollongong Hospital Car Park,Work-In-Progress,Wollongong,Wollongong,Illawarra,2012,2016,30700000,23280000,4203000
Ministry of Health,Health,Wollongong Hospital Elective Surgery Unit (Emergency Department and Ambulatory Care),Work-In-Progress,Wollongong,Wollongong,Illawarra,2010,2017,106746000,101972000,4449000
Museum of Applied Arts and Sciences,Government Services,Construction of a Shared Storage Facility,Work-In-Progress,Castle Hill,The Hills Shire,Metropolitan Sydney,2012,2016,33557000,11914000,21643000
Museum of Applied Arts and Sciences,Government Services,Sydney Observatory Emergency Egress,New Works,Sydney,Sydney,Metropolitan Sydney,2016,2016,360000,0,180000
Museum of Applied Arts and Sciences,Government Services,Sydney Observatory Fire Hydrant,New Works,Sydney,Sydney,Metropolitan Sydney,2015,2016,300000,0,300000
Natural Resources Commission,Government Services,Fit-out for Office Accommodation,Work-In-Progress,Sydney,Sydney,Metropolitan Sydney,2015,2016,1570000,570000,1000000
New South Wales Electoral Commission,Government Services,Compliance System,Work-In-Progress,Various,,,2015,2016,650000,50000,600000
New South Wales Electoral Commission,Government Services,Count Back System,New Works,Various,,,2015,2016,883000,0,883000
New South Wales Electoral Commission,Government Services,New South Wales Roll Management System,Work-In-Progress,Various,,,2014,2016,5703000,1540000,4163000
New South Wales Electoral Commission,Government Services,Universal Postal Voting System,New Works,Various,,,2015,2016,1543000,0,1543000
New South Wales Government Telecommunications Authority,Government Services,Infrastructure Rationalisation Program Planning and Pilot,New Works,Various,,,2015,2016,18317000,0,18317000
New South Wales Land and Housing Corporation,Community Services,Crisis Accommodation,New Works,Various,,,2015,2016,12880000,0,
New South Wales Land and Housing Corporation,Community Services,Office Accommodation and Administrative Assets,New Works,Various,,,2015,2019,3745000,0,2605000
New South Wales Land and Housing Corporation,Community Services,Social Housing - New Supply,Work-In-Progress,Various,,,2012,2019,214105000,31913000,169048000
New South Wales Land and Housing Corporation,Community Services,Social Housing Asset Improvement,New Works,Various,,,2015,2019,826067000,0,207881000
NSW Police Force,Police and Justice,Bay and Basin Police Station,New Works,Nowra,Shoahaven,Illawarra,2015,2017,5000000,0,1414000
NSW Police Force,Police and Justice,Body Worn Video,Work-In-Progress,Various,,,2014,2016,4000000,350000,3650000
NSW Police Force,Police and Justice,COPS Phase 3 Technical Migration,Work-In-Progress,Parramatta,Parramatta,Metropolitan Sydney,2013,2017,49029000,17249000,14327000
NSW Police Force,Police and Justice,Deniliquin Police Station,Work-In-Progress,Deniliquin,Deniliquin,Murray-Murrumbidgee,2010,2017,18354000,1634000,4755000
NSW Police Force,Police and Justice,Digital Storage Solution,Work-In-Progress,Parramatta,Parramatta,Metropolitan Sydney,2013,2016,2987000,2199000,788000
NSW Police Force,Police and Justice,Disaster Recovery for Legacy Systems,Work-In-Progress,Parramatta,Parramatta,Metropolitan Sydney,2012,2016,2000000,1500000,500000
NSW Police Force,Police and Justice,Enhanced DNA Testing,Work-In-Progress,Various,,,2012,2016,700000,219000,481000
NSW Police Force,Police and Justice,Fighting the Scourge of Ice,New Works,Various,,,2015,2016,3000000,0,1700000
NSW Police Force,Police and Justice,Firearms Licensing System,Work-In-Progress,Various,,,2014,2017,5000000,620000,3525000
NSW Police Force,Police and Justice,Fit-out for Additional Police Officers' Vehicles,Work-In-Progress,Various,,,2008,2016,8535000,7563000,972000
NSW Police Force,Police and Justice,Forensic Services Group Equipment Upgrade,New Works,Various,,,2015,2016,1500000,0,1500000
NSW Police Force,Police and Justice,Gunnedah Police Station,New Works,Armidale,Armidale Dumaresq,New England-North West,2015,2017,5500000,0,-200000
NSW Police Force,Police and Justice,Hazardous Materials Management Program,Work-In-Progress,Various,,,2011,2017,83063000,55821000,15500000
NSW Police Force,Police and Justice,Helicopter Downlink Upgrade,Work-In-Progress,Various,,,2014,2016,1600000,500000,1100000
NSW Police Force,Police and Justice,High Risk Rapid Deployment System,New Works,Various,,,2015,2016,821000,0,821000
NSW Police Force,Police and Justice,I-Learn Facilities Management Phase 2,Work-In-Progress,Goulburn,Goulburn Mulwaree ,South East & Tablelands,2012,2015,2499000,2454000,45000
NSW Police Force,Police and Justice,Lake Macquarie Local Area Command,Work-In-Progress,Various,Lake Macquarie,Hunter,2011,2017,29136000,13124000,12202000
NSW Police Force,Police and Justice,Liverpool Police Station,Work-In-Progress,Liverpool,Liverpool,Metropolitan Sydney,2009,2017,28962000,13929000,11679000
NSW Police Force,Police and Justice,Mobile Automatic Number Plate Recognition System,Work-In-Progress,Various,,,2014,2016,7000000,5000000,2000000
NSW Police Force,Police and Justice,Mobility Strategy Pilot Implementation,Work-In-Progress,Various,,,2014,2016,3752000,2800000,952000
NSW Police Force,Police and Justice,Moss Vale Police Station,Work-In-Progress,Moss Vale,Wingecarribee,South East & Tablelands,2007,2017,14852000,797000,5161000
NSW Police Force,Police and Justice,Policing for Tomorrow,New Works,Various,,,2015,2018,55000000,0,10000000
NSW Police Force,Police and Justice,Prisoner Transport Vehicles,Work-In-Progress,Various,,,2011,2016,2041000,1141000,900000
NSW Police Force,Police and Justice,Radio Communication Maintenance Program Phase 7,Work-In-Progress,Various,,,2014,2016,14900000,13700000,1200000
NSW Police Force,Police and Justice,Replace Covert Observation Vehicle,New Works,Various,,,2015,2016,255000,0,255000
NSW Police Force,Police and Justice,Riverstone Police Station,Work-In-Progress,Riverstone,Blacktown,Metropolitan Sydney,2008,2017,19805000,7269000,12133000
NSW Police Force,Police and Justice,Surveillance Equipment Replacement,Work-In-Progress,Various,,,2012,2016,1490000,1160000,330000
NSW Police Force,Police and Justice,Taser Replacement Program,New Works,Various,,,2015,2016,6744000,0,3230000
NSW Police Force,Police and Justice,Technology Asset Replacement Program,Work-In-Progress,Various,,,2014,2018,45000000,10000000,"$13,000"
NSW Police Force,Police and Justice,Tweed Heads Police Station,Work-In-Progress,Tweed Heads,Tweed,North Coast,2009,2017,25223000,6651000,13305000
NSW Police Force,Police and Justice,Voice Infrastructure Migration and Data Network Upgrade,Work-In-Progress,Parramatta,Parramatta,Metropolitan Sydney,2013,2017,20502000,9418000,9773000
NSW Police Force,Police and Justice,Walgett Police Station,Work-In-Progress,Walgett,Walgett,Far West,2010,2017,16069000,12394000,3474000
NSW Self Insurance Corporation,Government Services,Data Warehouse Upgrade,New Works,Sydney,Sydney,Metropolitan Sydney,2015,2016,7220000,0,7220000
NSW Trustee and Guardian,Government Services,Applications Consolidation and Upgrade,Work-In-Progress,Parramatta,Parramatta,Metropolitan Sydney,2014,2019,2300000,128000,672000
NSW Trustee and Guardian,Government Services,Business Intelligence System,Work-In-Progress,Sydney,Sydney,Metropolitan Sydney,2011,2019,884000,444000,140000
NSW Trustee and Guardian,Government Services,Clarence Street Fit-out,Work-In-Progress,Sydney,Sydney,Metropolitan Sydney,2014,2016,1520000,1020000,500000
NSW Trustee and Guardian,Government Services,Client Management System,Work-In-Progress,Sydney,Sydney,Metropolitan Sydney,2010,2019,15380000,2530000,9850000
NSW Trustee and Guardian,Government Services,Corporate Email System,Work-In-Progress,Parramatta,Parramatta,Metropolitan Sydney,2014,2016,325000,246000,79000
NSW Trustee and Guardian,Government Services,Data Network Upgrades,Work-In-Progress,Sydney,Sydney,Metropolitan Sydney,2013,2019,2959000,1349000,1310000
NSW Trustee and Guardian,Government Services,Newcastle Fit-out,Work-In-Progress,Newcastle,Newcastle,Hunter,2013,2016,1589000,339000,1250000
NSW Trustee and Guardian,Government Services,O'Connell Street Office Upgrade,Work-In-Progress,Sydney,Sydney,Metropolitan Sydney,2012,2017,9915000,755000,6660000
NSW Trustee and Guardian,Government Services,Records Management System,Work-In-Progress,Parramatta,Parramatta,Metropolitan Sydney,2012,2019,1764000,334000,930000
NSW Trustee and Guardian,Government Services,SAP Financial System,New Works,Parramatta,Parramatta,Metropolitan Sydney,2016,2019,3680000,0,3380000
Office of Environment and Heritage,Government Services,Acquisition of Satellite Imagery,Work-In-Progress,Various,,,2007,2019,29818000,19818000,2500000
Office of Environment and Heritage,Government Services,Biodiversity Legislation Reforms Implementation,New Works,Various,,,2015,2017,6510000,0,4910000
Office of Environment and Heritage,Government Services,Energy Efficiency Action Plan,Work-In-Progress,Various,,,2014,2017,3268000,258000,1737000
Office of Environment and Heritage,Government Services,Enhance Our National Parks,New Works,Various,,,2015,2016,3000000,0,3000000
Office of Environment and Heritage,Government Services,Fire Management in National Parks,Work-In-Progress,Various,,,2008,2022,50000000,27048000,3579000
Office of Environment and Heritage,Government Services,Heritage Information Management System,Work-In-Progress,Various,,,2014,2018,2444000,374000,850000
Office of Environment and Heritage,Government Services,Iconic Walks Program,Work-In-Progress,Various,,,2013,2018,3000000,1200000,600000
Office of Environment and Heritage,Government Services,Land Purchases,Work-In-Progress,Various,,,2002,2019,86213000,74213000,3000000
Office of Environment and Heritage,Government Services,National Australian Built Environment Rating System (NABERS),Work-In-Progress,Various,,,2014,2019,1000000,200000,200000
"Department of Industry, Skills and Regional Development",Government Services,COASTAL INFRASTRUCTURE PROGRAM,New Works,Various,,,2015,2019,41400000,0,11090000
Office of Environment and Heritage,Government Services,Native Vegetation Systems Program,Work-In-Progress,Various,,,2013,2019,2181000,1023000,898000
Office of Environment and Heritage,Government Services,Newcastle Port Corporation Land Acquisition Offset,New Works,Newcastle,Newcastle,Hunter,2015,2016,1978000,0,1978000
Office of Environment and Heritage,Government Services,Perisher Range Redevelopment,Work-In-Progress,Perisher Valley,Tumbarumba,Murray-Murrumbidgee,2005,2026,41177000,29326000,69000
Office of Environment and Heritage,Government Services,Scientific Equipment,Work-In-Progress,Various,,,2012,2019,8400000,3600000,1200000
Office of Environment and Heritage,Government Services,Scientific Service Capacity Maintenance,Work-In-Progress,Various,,,2011,2019,7230000,3600000,900000
Office of Environment and Heritage,Government Services,Warrumbungle Rehabilitation Program,Work-In-Progress,Coonabarabran,Coonamble,Central West & Orana,2013,2016,650000,400000,250000
Office of the Children's Guardian,Community Services,Accreditation of Out of Home Care Providers,Work-In-Progress,Sydney,Sydney,Metropolitan Sydney,2013,2016,2021000,1412000,609000
Office of the NSW Rural Fire Service,Police and Justice,Guardian Bush Fire Risk Information Management System,New Works,Lidcombe,,,2015,2017,5220000,0,3125000
Office of the NSW State Emergency Service,Police and Justice,Centrally Managed Operational Vehicle Fleet,Work-In-Progress,Various,,,2012-13,2017,24488000,10062000,8163000
Office of the NSW State Emergency Service,Police and Justice,Flood Rescue Marine Craft and Equipment,Work-In-Progress,Various,,,2012,2017,1400000,780000,310000
Office of the NSW State Emergency Service,Police and Justice,Interagency Electronic Messaging,Work-In-Progress,Various,,,2015,2016,972000,630000,342000
Office of the NSW State Emergency Service,Police and Justice,New Headquarters,New Works,Wollongong,Wollongong,Illawarra,2015,2016,7269000,0,7269000
Office of the NSW State Emergency Service,Police and Justice,Replacement of Major Communications Equipment,Work-In-Progress,Various,,,2013,2018,31436000,589000,7512000
Newcastle Port Corporation (trading as Port Authority of NSW),Transport,Glebe Island - Reconstruct the Seawall at Wharves 5/6,Work-In-Progress,Balmain,Sydney,Metropolitan Sydney,2015,2017,8938000,192000,
Newcastle Port Corporation (trading as Port Authority of NSW),Transport,Overseas Passenger Terminal Redevelopment,Work-In-Progress,Sydney,Sydney,Metropolitan Sydney,2012,2015,,,
Public Service Commission,Government Services,Human Capital Management Information System,Work-In-Progress,Sydney,Sydney,Metropolitan Sydney,2013,2017,2130000,1650000,325000
Rail Corporation New South Wales (Transport Asset Holding Entity),Transport,Automatic Train Protection - Tranche 1  ,Work-In-Progress,Various,,,2008,,,157077000,29064000
Rail Corporation New South Wales (Transport Asset Holding Entity),Transport,Digital Train Radio  ,Work-In-Progress,Various,,,2008,2016,360866000,298855000,19111000
Rail Corporation New South Wales (Transport Asset Holding Entity),Transport,Fixing the Trains Investments  ,Work-In-Progress,Various,,,2013,2021,,154174000,41112000
Rail Corporation New South Wales (Transport Asset Holding Entity),Transport,Internal Emergency Door Release  ,Work-In-Progress,Various,,,2006,2015,49069000,40669000,8400000
Rail Corporation New South Wales (Transport Asset Holding Entity),Transport,Lidcombe to Granville - Corridor Upgrade  ,work in progress,Various,"Auburn,Parramatta",Metropolitan Sydney,2006,2017,,264477000,26337000
Rail Corporation New South Wales (Transport Asset Holding Entity),Transport,Next Generation Rail Fleet  ,Work-In-Progress,Various,"Lithgow,Blue Mountains,Gosford,Wyong,Lake Macquarie,Wollongong,Shell Harbour,Kiama","Metropolitan Sydney,Central Coast,Hunter,Illawarra,Central West & Orana",2014,2024,2800000000,15337000,94034000
Rail Corporation New South Wales (Transport Asset Holding Entity),Transport,Power Supply  ,Work-In-Progress,Various,,,2004,,,671086000,46692000
Rail Corporation New South Wales (Transport Asset Holding Entity),Transport,Rail Network Efficiencies  ,Work-In-Progress,Various,Parramatta,Metropolitan Sydney,2014,,,15295000,18239000
Rail Corporation New South Wales (Transport Asset Holding Entity),Transport,Rail Network Efficiencies - Western Sydney Rail Upgrade (Planning),New Works,Various,"Penrith,Blue Mountains,Strathfield,Sydney",Metropolitan Sydney,2015,,,0,19018000
Rail Corporation New South Wales (Transport Asset Holding Entity),Transport,Rail Operations Centre  ,Work-In-Progress,Various,Sydney,Metropolitan Sydney,2014,,,26403000,74405000
Rail Corporation New South Wales (Transport Asset Holding Entity),Transport,Regional Rail Corridor Fleet and Stabling (Planning),New Works,Various,,"Central West & Orana,South East & Tablelands,Murray-Murrumbidgee,Hunter,New England-North West,North Coast",2015,,,0,7500000
Rail Corporation New South Wales (Transport Asset Holding Entity),Transport,Sydney Metro City and Southwest - Planning and Development  ,Work-In-Progress,Various,"Sydney,North Sydney,Willoughby,Marrickville,Canterbury,Bankstown",Metropolitan Sydney,2014,,,35050000,83968000
Rail Corporation New South Wales (Transport Asset Holding Entity),Transport,Sydney Metro Northwest (including rollingstock)  ,Work-In-Progress,Various,"Hornsby,The Hills Shire,Blacktown",Metropolitan Sydney,2011,2019,8279000000,2154432000,976964000
Rail Corporation New South Wales (Transport Asset Holding Entity),Transport,Train Control Systems  ,Work-In-Progress,Various,,,2014,,,20586000,16639000
Rail Corporation New South Wales (Transport Asset Holding Entity),Transport,Transport Access Program  ,Work-In-Progress,Various,"The Hills Shire,Fairfield,Blacktown,Maitland,Sutherland Shire,Wollongong,Newcastle,Lake Macquarie,Ku-ring-gai,Sydney,Marrickville,Hornsby,North Sydney,Ryde,Parramatta,Woollahra,Canterbury,Wyong,Holroyd,Bankstown,Campbelltown,Auburn,Hurstville,Penrith,Canada Bay,Rockdale,Yass Valley,Ashfield,Shellharbour,Liverpool,Manly,Willoughby,Blue Mountains,Wagga Wagga,Orange,Tamworth Regional,Coffs Harbour,Albury,Byron,Wollondilly,Burwood,Gosford,Strathfield,Dubbo,Armidale Dumaresq,Kogarah","Sydney,Hunter,Illawarra,Central Coast,South East & Tablelands,Murray-Murrumbidgee,Central West & Orana,New England-North West,North Coast",2011,,,476549000,285032000
Rail Corporation New South Wales (Transport Asset Holding Entity),Transport,Wynyard Station Upgrade  ,Work-In-Progress,Sydney,Sydney,Metropolitan Sydney,2014,2017,115000000,29651000,43155000
Rail Corporation New South Wales (Transport Asset Holding Entity),Transport,Wynyard Walk  ,Work-In-Progress,Sydney,Sydney,Metropolitan Sydney,2010,2016,306000000,202792000,78613000
Roads and Maritime Services,Roads,"Cobb Highway, New Bridge at Echuca-Moama (Planning) (NSW Contribution) ",,Echuca - Moama ,Murray,Murray-Murrumbidgee,,,,3200000,2000000
Roads and Maritime Services,Roads,"Kamilaroi Highway, Replacement of the Tulladunna Bridge over Namoi River  ",,Wee Waa,Narrabri Shire,New England-North West,,2016,12000000,6700000,3700000
Roads and Maritime Services,Roads,"Olympic Highway, Replacement of Kapooka Bridge and Approaches (State and Federal Funded)",,Kapooka,Wagga Wagga,Murray-Murrumbidgee,,2016,55000000,22300000,24000000
Roads and Maritime Services,Roads,"Oxley Highway, Gunnedah Bridge over Rail (Planning)",,Gunnedah,Gunnedah Shire,New England-North West,,,,4000000,3000000
Roads and Maritime Services,Roads,Program 2: Timber Truss Bridge Replacements and Upgrades ,,Various,,,,,,37400000,32350000
Roads and Maritime Services,Roads,Program 3: Bridges for the Bush (Planning),,Various,,,,,,,7350000
Roads and Maritime Services,Roads,"Snowy Mountains Highway, Widen Bemboka River Bridge at Morans Crossing",,Bemboka,Bega Valley,South East & Tablelands,,2016,9000000,5300000,3700000
Roads and Maritime Services,Roads,"Manns Road, Central Coast Highway to Narara Creek (Planning)",,West Gosford - Narara,Gosford,Central Coast,,,,,500000
Roads and Maritime Services,Roads,"Pacific Highway and Manns Road, Narara Creek Road, Narara to Parsons Road, Lisarow (Planning)",,Narara - Lisarow,Gosford,Central Coast,,,,12700000,2500000
Roads and Maritime Services,Roads,"Pacific Highway, Ourimbah Street, Lisarow to Glen Road, Ourimbah",,Lisarow - Ourimbah,"Gosford,Wyong",Central Coast,,2018,,15000000,10000000
Roads and Maritime Services,Roads,"Pacific Highway, Parsons Road, Lisarow to Ourimbah Street, Lisarow (Planning)",,Lisarow,Gosford,Central Coast,,,,2900000,3000000
Roads and Maritime Services,Roads,"Pacific Highway, Wyong Road Intersection Upgrade",,Tuggerah,Wyong,Central Coast,,2018,,14000000,10000000
Roads and Maritime Services,Roads,"Pacific Highway, Wyong Town Centre (Planning)",,Wyong,Wyong,Central Coast,,,,10200000,1500000
Roads and Maritime Services,Roads,Pacific Motorway (M1) Productivity Package (Planning) (State and Federal Funded),,Various,"Gosford,Wyong",Central Coast,,,,17600000,11500000
Roads and Maritime Services,Roads,"Terrigal Drive, Charles Kay Intersection Upgrade",,Terrigal,Gosford,Central Coast,,2016,25000000,18500000,6000000
Roads and Maritime Services,Roads,Warnervale Link Road Albert Warner Drive to Pacific Highway (Planning),,Watanobbi,Wyong,Central Coast,,,,,500000
Roads and Maritime Services,Roads,"Wyong Road, Enterprise Drive Intersection Upgrade",,Chittaway Bay,Wyong,Central Coast,,2016,28000000,6600000,10000000
Roads and Maritime Services,Roads,"Wyong Road, Mingara Drive to Tumbi Road Upgrade",,Tumbi Umbi,Wyong,Central Coast,,2018,,6800000,7000000
Roads and Maritime Services,Roads,"Central Coast Highway, Brisbane Water Drive, Manns Road Intersection Upgrade",,West Gosford,Gosford,Central Coast,,2016,165000000,149000000,7000000
Roads and Maritime Services,Roads,Bus Priority Infrastructure (including Bus Rapid Transit Planning),,Various,,Metropolitan Sydney,,,,,30080000
Roads and Maritime Services,Roads,"Easing Sydney's Congestion, Pinch Points and Clearways Package 3 (Planning)",,Various,,Metropolitan Sydney,,,,150000,5850000
Roads and Maritime Services,Roads,"Easing Sydney's Congestion, Pinch Points and Clearways Packages 1 and 2",,Various,,Metropolitan Sydney,,,246000000,89600000,50000000
Roads and Maritime Services,Roads,Gateway to the South Pinch Points (Planning),,Various,,Metropolitan Sydney,,,,,6000000
Roads and Maritime Services,Roads,Light Rail Enabling Road Works,,Various,"Sydney,Randwick",Metropolitan Sydney,,,,2500000,14900000
Roads and Maritime Services,Roads,Northern Beaches Bus Rapid Transit,,Various,"Pittwater,Warringah,Manly,Mosman,North Sydney",Metropolitan Sydney,,,,8400000,42100000
Roads and Maritime Services,Roads,Smart Motorways (Planning),,Various,,Metropolitan Sydney,,,,18850000,15200000
Roads and Maritime Services,Roads,Sydney City Centre Bus Plan,,Various,Sydney,Metropolitan Sydney,,,,24800000,6500000
Roads and Maritime Services,Roads,Sydney Motorways Real Time Travel Information,,Various,,Metropolitan Sydney,,,,2000000,9000000
Roads and Maritime Services,Roads,Epping Town Centre Road Upgrades,,Epping,"Parramatta,Hornsby",Metropolitan Sydney,,,,3500000,8600000
Roads and Maritime Services,Roads,"Heathcote Road, Deadmans Creek Bridge Upgrade  ",,Sandy Point,"Liverpool,Sutherland",Metropolitan Sydney,,2015,19000000,13500000,5500000
Roads and Maritime Services,Roads,"Mona Vale Road, Manor Road to Foley Street (Planning)",,Mona Vale,Pittwater,Metropolitan Sydney,,,,3800000,2000000
Roads and Maritime Services,Roads,"Mona Vale Road, McCarrs Creek Road to Powder Works Road (Planning)",,Ingleside,"Pittwater,Warringah",Metropolitan Sydney,,,,7500000,2500000
Roads and Maritime Services,Roads,Nepean River Green Bridge  ,,Penrith,Penrith,Metropolitan Sydney,,,,4900000,14400000
Roads and Maritime Services,Roads,"Northern Beaches Hospital, Road Connectivity and Network Enhancements",,Frenchs Forest,Warringah,Metropolitan Sydney,,,,29200000,42000000
Roads and Maritime Services,Roads,"Prospect Highway and Blacktown Road Widening, Reservoir Road to St Martins Crescent (Planning)",,Prospect,Blacktown,Metropolitan Sydney,,,,6300000,4000000
Roads and Maritime Services,Roads,"Showground Road, Old Northern Road to Carrington Road",,Castle Hill,The Hills Shire,Metropolitan Sydney,,2017,,5100000,8000000
Roads and Maritime Services,Roads,Windsor Bridge over Hawkesbury River Replacement (Planning),,Windsor,Hawkesbury,Metropolitan Sydney,,,,15000000,500000
Roads and Maritime Services,Roads,Bells Line of Road Corridor Improvement Program Stage 1,,Various,"Hawkesbury,Blue Mountains,Lithgow","Metropolitan Sydney,Central West & Orana",,,,15700000,21000000
Roads and Maritime Services,Roads,Bells Line of Road Stage 2 (Chifley Road) (Planning),,Various,"Blue Mountains,Hawkesbury,Lithgow","Metropolitan Sydney,Central West & Orana",,,,800000,"$2,000"
Roads and Maritime Services,Roads,"Bullaburra, Ridge Street to Genevieve Road",,Bullaburra,Blue Mountains,Metropolitan Sydney,,2015,67000000,63800000,3000000
Roads and Maritime Services,Roads,Forty Bends and Hartley Valley Safety Improvements (State and Federal Funded),,Hartley,Lithgow,Central West & Orana,,2017,130000000,25400000,42000000
Roads and Maritime Services,Roads,Katoomba to Mount Victoria Safety Works (State and Federal Funded),,Various,Blue Mountains,Metropolitan Sydney,,,,8200000,11000000
Roads and Maritime Services,Roads,"Kelso, Ashworth, Drive to Stockland Drive  ",,Kelso,Bathurst Regional,Central West & Orana,,2016,85000000,41000000,27000000
Roads and Maritime Services,Roads,"Cormorant Road, Industrial Drive to Stockton Bridge (State and Federal Funded)",,Kooragang Island,Newcastle,Hunter,,2018,,6000000,10000000
Roads and Maritime Services,Roads,Hunter Pinch Points (Planning),,Various,"Lake Macquarie,Maitland,Newcastle",Hunter,,,,,1000000
Roads and Maritime Services,Roads,"New England Highway, Belford to Golden Highway Upgrade (Planning)",,Belford,Singleton,Hunter,,,,800000,1000000
Roads and Maritime Services,Roads,"New England Highway, Gowrie Gates, Widen Rail Underpass (Planning) ",,Singleton,Singleton,Hunter,,,,700000,500000
Roads and Maritime Services,Roads,"New  England Highway, Muswellbrook Bypass (Planning)",,Muswellbrook,Muswellbrook,Hunter,,,,2600000,1000000
Roads and Maritime Services,Roads,"New England Highway, Scone Bypass and Rail Level Crossing Removal (Planning) (State and Federal Funded)",,Scone,Upper Hunter,Hunter,,,,3600000,2000000
Roads and Maritime Services,Roads,"New England Highway, Singleton Bypass (Planning)",,Singleton,Singleton,Hunter,,,,1400000,1000000
Roads and Maritime Services,Roads,"New England Highway, Upgrade of Maitland Roundabouts",,Maitland,Maitland,Hunter,,2016,51000000,28100000,19500000
Roads and Maritime Services,Roads,"Newcastle Inner City Bypass, Rankin Park to Jesmond (Planning)",,Lambton,Newcastle,Hunter,,,,8200000,4000000
Roads and Maritime Services,Roads,"Pacific Motorway (M1), Extension to Raymond Terrace (Planning)",,Hexham,"Newcastle,Port Stephens",Hunter,,,,18100000,3000000
Roads and Maritime Services,Roads,"NorthConnex, M1 to M2 Motorway Link (State and Federal Funded)",,Various,"The Hills Shire,Hornsby,Ku-ring-gai",Metropolitan Sydney,,2019,3000000000,73500000,51330000
Roads and Maritime Services,Roads,Active Transport  ,,Various,,,,,,,30600000
Roads and Maritime Services,Roads,Journey Reliability  ,,Various,,,,,,,44700000
Roads and Maritime Services,Roads,Rail Interfaces  ,,Various,,,,,,,7300000
Roads and Maritime Services,Roads,Road Freight Safety and Productivity  ,,Various,,,,,,,22000000
Roads and Maritime Services,Roads,Road Safety  ,,Various,,,,,,,122000000
Roads and Maritime Services,Roads,Transport Access Program - Commuter Wharf Upgrades,,Various,,Metropolitan Sydney,,,,,32000000
Roads and Maritime Services,Roads,Coffs Harbour Bypass (Planning) (State and Federal Funded),,Coffs Harbour,Coffs Harbour,North Coast,,,,52700000,2000000
Roads and Maritime Services,Roads,Frederickton to Eungai (State and Federal Funded),,Clybucca,Kempsey,North Coast,,2016,675000000,470700000,123000000
Roads and Maritime Services,Roads,Kundabung to Kempsey (State and Federal Funded),,"Kempsey, Kundabung",Kempsey,North Coast,,2017,230000000,32000000,90000000
Roads and Maritime Services,Roads,Nambucca Heads to Urunga (State and Federal Funded),,Urunga,"Nambucca,Bellingen",North Coast,,2016,780000000,393600000,185000000
Roads and Maritime Services,Roads,Oxley Highway to Kempsey (Planning and Early Works) (State and Federal Funded),,"Port Macquarie, Kempsey","Port Macquarie-Hastings,Kempsey",North Coast,,,,115900000,6000000
Roads and Maritime Services,Roads,Oxley Highway to Kundabung (State and Federal Funded),,"Kundabung, Thrumster","Port Macquarie-Hastings,Kempsey",North Coast,,2017,820000000,164700000,230000000
Roads and Maritime Services,Roads,Tintenbar to Ewingsdale (State and Federal Funded),,Bangalow,Byron,North Coast,,2015,862000000,796700000,65000000
Roads and Maritime Services,Roads,Warrell Creek to Nambucca Heads (State and Federal Funded),,Macksville,Nambucca,North Coast,,2017,830000000,147500000,190000000
Roads and Maritime Services,Roads,Warrell Creek to Urunga (Planning) (State and Federal Funded) ,,Macksville,Nambucca,North Coast,,,,90300000,9230000
Roads and Maritime Services,Roads,Woolgoolga to Ballina (State and Federal Funded),,"Grafton, Maclean","Coffs Harbour,Clarence Valley,Richmond Valley,Ballina",North Coast,,2020,,392100000,537000000
Roads and Maritime Services,Roads,Albion Park Rail Bypass (Planning),,Yallah - Oak Flats,"Wollongong,Shellharbour",Illawarra,,,,9300000,3000000
Roads and Maritime Services,Roads,Berry to Bomaderry Upgrade (Planning),,Berry - Bomaderry,Shoalhaven,Illawarra,,,,25800000,4500000
Roads and Maritime Services,Roads,Burrill Lake Bridge Replacement  ,,Burrill Lake,Shoalhaven,Illawarra,,2018,,4500000,10000000
Roads and Maritime Services,Roads,Dignams Creek Realignment,,Dignams Creek,"Bega Valley,Shoalhaven","South East & Tablelands,Illawarra",,,,8000000,800000
Roads and Maritime Services,Roads,"Foxground and Berry Bypass, Toolijooa Road to South Berry",,Berry,"Kiama,Shoalhaven",Illawarra,,2018,580000000,195800000,140000000
Roads and Maritime Services,Roads,"Gerringong Upgrade, Mount Pleasant to Toolijooa Road",,Gerringong,Kiama,Illawarra,,2015,340000000,328100000,11900000
Roads and Maritime Services,Roads,Nowra Bridge over Shoalhaven River (Planning) (State and Federal Funded),,Nowra,Shoalhaven,Illawarra,,,,4100000,3000000
Roads and Maritime Services,Roads,"Princes Motorway Improvements, Bulli Tops to Picton Road (Planning) (State and Federal Funded) ",,Cataract,Wollongong,Illawarra,,,,1100000,2500000
Roads and Maritime Services,Roads,"Princes Motorway, Interchange at Base of Mount Ousley (Planning)",,Mount Ousley,Wollongong,Illawarra,,,,1000000,500000
Roads and Maritime Services,Roads,Termeil Creek Realignment,,Termeil,Shoalhaven,Illawarra,,2016,21000000,7900000,12000000
Roads and Maritime Services,Roads,Gocup Road Upgrade,,Gundagai - Tumut,"Gundagai,Tumut Shire",Murray-Murrumbidgee,,2019,70000000,7500000,15000000
Roads and Maritime Services,Roads,Hume Highway Heavy Duty Pavement (Planning) (State and Federal Funded),,Marulan,Goulburn Mulwaree ,South East & Tablelands,,,,700000,1300000
Roads and Maritime Services,Roads,"Kings Highway, River Forest Road Realignment  ",,Nelligen,Palerang,South East & Tablelands,,,,600000,6000000
Roads and Maritime Services,Roads,Kosciuszko Road Overtaking Lanes and Safety Improvements  ,,Cooma - Jindabyne,Snowy River,South East & Tablelands,,,,,500000
Roads and Maritime Services,Roads,Main Road 54 Initial Sealing,,Tuena,Upper Lachlan Shire,South East & Tablelands,,,,2000000,3000000
Roads and Maritime Services,Roads,"Mitchell Highway, Guanna Hill Realignment  ",,Molong,Cabonne,Central West & Orana,,2018,,5100000,5000000
Roads and Maritime Services,Roads,"Monaro Highway, Overtaking Lanes and Safety Improvements",,Williamsdale - Cooma,Cooma-Monaro,South East & Tablelands,,,,,500000
Roads and Maritime Services,Roads,"New England Highway, Bolivia Hill Upgrade (Planning) (State and Federal Funded)",,Bolivia,Tenterfield,New England-North West,,,,3000000,5000000
Roads and Maritime Services,Roads,"New England Highway, Heavy Duty Pavement (Planning)",,Aberdeen - Willow Tree,"Upper Hunter,Liverpool Plains","Hunter,New England-North West",,,,,1000000
Roads and Maritime Services,Roads,Newell Highway Overtaking Lanes,,Various,,"Murray-Murrumbidgee,Central West & Orana,New England-North West",,,,14000000,5500000
Roads and Maritime Services,Roads,Newell Highway Upgrade at Parkes,,Parkes,Parkes,Central West & Orana,,,,800000,2000000
Roads and Maritime Services,Roads,"Newell Highway, Grong Grong Realignment  ",,Grong Grong,Narrandera,Murray-Murrumbidgee,,2017,,1000000,5000000
Roads and Maritime Services,Roads,"Newell Highway, Improvements through Dubbo and Duplication of the L.H. Ford Bridge (Planning)",,Dubbo,Dubbo,Central West & Orana,,,,,1000000
Roads and Maritime Services,Roads,"Newell Highway, Moree Bypass Stage 2 (State and Federal)",,Moree,Moree Plains,New England-North West,,2015,30000000,21000000,3850000
Roads and Maritime Services,Roads,"Newell Highway, Mungle Back Creek to Boggabilla Heavy Duty Pavement (State and Federal Funded)",,Boggabilla,Moree Plains,New England-North West,,,,,4000000
Roads and Maritime Services,Roads,"Newell Highway, Trewilga Realignment",,Trewilga,Parkes,Central West & Orana,,2018,,2600000,7000000
Roads and Maritime Services,Roads,"Newell Highway, West Wyalong Heavy Vehicle Bypass",,West Wyalong,Bland Shire,Murray-Murrumbidgee,,,,1200000,4950000
Roads and Maritime Services,Roads,Oxley Highway and Wrights Road Intersection Improvements,,Port Macquarie,Port Macquarie-Hastings,North Coast,,2018,10000000,300000,6700000
Roads and Maritime Services,Roads,Oxley Highway Safety and Realignment Works (Planning),,Various,"Port Macquarie-Hastings,Walcha","North Coast,New England-North West",,,,,1000000
Roads and Maritime Services,Roads,Oxley Highway Tangaratta Bridge  ,,Tamworth,Tamworth Regional,New England-North West,,2015,8000000,4300000,1500000
Roads and Maritime Services,Roads,"Queanbeyan Bypass, Ellerton Drive Extension (State and Federal Funded)",,Queanbeyan,Queanbeyan,South East & Tablelands,,2018,,1300000,9000000
Roads and Maritime Services,Roads,Riverina Highway Safety Upgrade,,Lake Hume Village,Albury,Murray-Murrumbidgee,,2018,11000000,,5000000
Roads and Maritime Services,Roads,Silver City and Cobb Highway Seal Extension,,Various,"Unincorporated,Central Darling",Far West,,,,10000000,9800000
Roads and Maritime Services,Roads,"Summerland Way, Additional Clarence River Crossing",,Grafton,Clarence Valley,North Coast,,2019,,28000000,2000000
Roads and Maritime Services,Roads,Bells Line of Road Castlereagh Connection Corridor Preservation,,Various,"Blacktown,Penrith,Hawkesbury",Metropolitan Sydney,,,,2000000,3580000
Roads and Maritime Services,Roads,Gateway to the South M1 Extension (Planning),,Various,"Rockdale,Kogarah,Hurstville,Sutherland Shire,Bankstown",Metropolitan Sydney,,,,1200000,3700000
Roads and Maritime Services,Roads,Outer Sydney Orbital Corridor Preservation,,Various,"Wollondilly,Camden,Liverpool,Penrith",Metropolitan Sydney,,,,4600000,7520000
Roads and Maritime Services,Roads,Western Harbour Tunnel (Planning),,Various,"Leichardt,North Sydney",Metropolitan Sydney,,,,3400000,14000000
Roads and Maritime Services,Roads,"Sydney Airport East, Wentworth Avenue Extension and Joyce Drive Widening (State and Federal Funded)",,Mascot,Botany Bay,Metropolitan Sydney,,2018,,18100000,6000000
Roads and Maritime Services,Roads,"Sydney Airport North, O'Riordan Street Widening (Planning)",,Mascot,Botany Bay,Metropolitan Sydney,,,,7600000,2000000
Roads and Maritime Services,Roads,"Sydney Airport West, Marsh Street  ",,Arncliffe,Rockdale,Metropolitan Sydney,,2017,,1800000,9000000
Roads and Maritime Services,Roads,WestConnex (State and Federal Funded),,Various,"Auburn,Parramatta,Strathfield,Canada Bay,Ashfield,Canterbury,Rockdale,Marrickville,Leichardt",Metropolitan Sydney,,,,324500000,993000000
Roads and Maritime Services,Roads,"Bandon Road Link, Windsor Road to Richmond Road (Planning)",,Vineyard,Blacktown,Metropolitan Sydney,,,,300000,500000
Roads and Maritime Services,Roads,"Camden Valley Way, Bringelly Road to Ingleburn Road",,Leppington,"Camden,Liverpool",Metropolitan Sydney,,2015,88000000,72000000,16000000
Roads and Maritime Services,Roads,"Campbelltown Road, Camden Valley Way to Denham Court Road (Planning)",,Ingleburn,"Campbelltown,Liverpool",Metropolitan Sydney,,,,8000000,1000000
Roads and Maritime Services,Roads,Jane Street and Mulgoa Road Infrastructure Upgrade (Planning) (State and Federal Funded),,Penrith,Penrith,Metropolitan Sydney,,,,1700000,2000000
Roads and Maritime Services,Roads,"Memorial Avenue, Old Windsor Road to Windsor Road (Planning)",,Kellyville,The Hills Shire,Metropolitan Sydney,,,,2300000,4000000
Roads and Maritime Services,Roads,"Narellan Road, Camden Valley Way to Blaxland Road (State and Federal Funded)",,"Narellan, Cambelltown","Camden,Campbelltown",Metropolitan Sydney,,2018,114000000,26000000,27000000
Roads and Maritime Services,Roads,"Old Wallgrove Road, Erskine Park Link Road to M7 (Western Sydney Employment Lands)",,Eastern Creek,Blacktown,Metropolitan Sydney,,2017,95000000,29000000,30000000
Roads and Maritime Services,Roads,"Richmond Road Stages 2 and 3, Townson Road to North of Garfield Road",,Marsden Park,Blacktown,Metropolitan Sydney,,2016,96000000,52200000,30000000
Roads and Maritime Services,Roads,"Schofields Road Stage 2, Tallawong Road to Veron Road",,Schofields,Blacktown,Metropolitan Sydney,,2017,135000000,82900000,32000000
Roads and Maritime Services,Roads,"Schofields Road Stage 3, Veron Road to Richmond Road via South Street",,Schofields,Blacktown,Metropolitan Sydney,,2018,,22200000,12000000
Roads and Maritime Services,Roads,"The Horsley Drive, M7 Motorway to Cowpasture Road (Planning)",,Horsley Park,Fairfield,Metropolitan Sydney,,,,2200000,1500000
Roads and Maritime Services,Roads,"Bringelly Road, Camden Valley Way to King Street (State and Federal Funded)",,Leppington,"Camden,Liverpool",Metropolitan Sydney,,2017,220000000,66800000,50000000
Roads and Maritime Services,Roads,"Bringelly Road, King Street to The Northern Road (Planning) (State and Federal Funded)",,Leppington,"Camden,Liverpool",Metropolitan Sydney,,,,3100000,28000000
Roads and Maritime Services,Roads,"Mulgoa Road, Andrews Road to Glenmore Park (Planning)",,"Penrith, Glenmore Park",-,Metropolitan Sydney,,,,100000,1000000
Roads and Maritime Services,Roads,"The Northern Road, Camden Valley Way to Peter Brock Drive (State and Federal Funded)",,Oran Park,Camden,Metropolitan Sydney,,2018,,7100000,14000000
Roads and Maritime Services,Roads,"The Northern Road, Mersey Road to the M4 Motorway (Planning) (State and Federal Funded)",,Luddenham,"Penrith,Liverpool",Metropolitan Sydney,,,,2400000,11000000
Roads and Maritime Services,Roads,"The Northern Road, Peter Brock Drive to Mersey Road (Planning) (State and Federal Funded)",,Bringelly,"Camden,Liverpool",Metropolitan Sydney,,,,5500000,24000000
Roads and Maritime Services,Roads,Werrington Arterial Road M4 Motorway to Great Western Highway (State and Federal Funded),,Claremont Meadows,Penrith,Metropolitan Sydney,,2016,70000000,10600000,30000000
Roads and Maritime Services,Roads,"Western Sydney Airport Motorway, M7 to The Northern Road (Planning) (State and Federal Funded) ",,Badgerys Creek,"Fairfield,Liverpool,Penrith",Metropolitan Sydney,,,,600000,6000000
Royal Botanic Gardens and Domain Trust,Government Services,Amenities Upgrade at Mount Tomah,Work-In-Progress,Mount Tomah,Blue Mountains,Metropolitan Sydney,2014,2016,2130000,225000,1905000
Royal Botanic Gardens and Domain Trust,Government Services,Mt Tomah Entry and Safety Upgrade,New Works,Mount Tomah,Blue Mountains,Metropolitan Sydney,2015,2016,1297000,0,1297000
Royal Botanic Gardens and Domain Trust,Government Services,Online Booking and Customer Relationship Management System,New Works,Sydney,Sydney,Metropolitan Sydney,2015,2016,615000,0,615000
Royal Botanic Gardens and Domain Trust,Government Services,Sydney Tropical Centre Refurbishment,Work-In-Progress,Sydney,Sydney,metropolitan sydney,2011,2016,19409000,6300000,13109000
Royal Botanic Gardens and Domain Trust,Government Services,Water Infrastructure Upgrade at Mount Annan,Work-In-Progress,Camden,Camden,Metropolitan Sydney,2014,2016,3642000,116000,3526000
Service NSW,Government Services,Customer Service System Integration,Work-In-Progress,Various,,,1899,2017,33000000,11619000,18381000
Service NSW,Government Services,Digital Channel Enhancements,Work-In-Progress,Various,,,2014,2016,18800000,8600000,10200000
Service NSW,Government Services,Easy To Do Business Program,New Works,Various,,,2015,2016,4700000,0,4700000
Service NSW,Government Services,Newcastle Contact Centre,Work-In-Progress,Newcastle,Newcastle,Hunter,2014,2016,5000000,3575000,1425000
Service NSW,Government Services,Payments Gateway,Work-In-Progress,Various,,,2014,2016,14000000,3449000,10551000
Service NSW,Government Services,Service Centres and Technology Related Assets,Work-In-Progress,Various,,,2013,2016,34472000,32370000,2102000
Service NSW,Government Services,Service Centres: Consolidation and Enhancement,Work-In-Progress,Various,"Auburn,Blacktown,Campbelltown,Cessnock,Cooma-Monaro,Cowra,Deniliquin,Eurobodalla,Gosford,Great Lakes,Hornsby,Hurstville,Lithgow,Narrabri,Newcastle,Parkes,Pittwater,Richmond Valley,Ryde,Shoalhaven,Singleton,Sutherland Shire,Wollongong,Wyong","Metropolitan Sydney,Hunter,South East & Tablelands,Central West & Orana,Murray-Murrumbidgee,Central Coast,North Coast,New England-North West,Illawarra",2014,2018,78607000,30702000,42505000
Service NSW,Government Services,Technology Upgrades to Support Increased Scale of Operation,Work-In-Progress,Various,,,2014,2019,30320000,9082000,4938000
State Library of New South Wales,Government Services,Building Accessibility and Lift Safety Compliance,New Works,Sydney,Sydney,Metropolitan Sydney,2015,2017,4930000,0,2470000
State Library of New South Wales,Government Services,Ongoing Collections and Refurbishment,Work-In-Progress,Sydney,Sydney,Metropolitan Sydney,2015,2019,10000000,2000000,2000000
State Library of New South Wales,Government Services,Stoneworks,Work-In-Progress,Sydney,Sydney,Metropolitan Sydney,2015,2015,2230000,1000000,1230000
State Transit Authority of New South Wales,Transport,Depot Facilities Upgrade,Work-In-Progress,Various,,,2009,2017,9200000,5914000,2209000
Sydney Cricket and Sports Ground Trust,Government Services,Allianz Stadium Members and Goods Lifts Upgrades,New Works,Moore Park,Sydney,Metropolitan Sydney,2015,2015,560000,0,560000
Sydney Cricket and Sports Ground Trust,Government Services,Allianz Stadium Redevelopment,Work-In-Progress,Moore Park,Sydney,Metropolitan Sydney,2012,2016,7402000,1602000,5800000
Sydney Cricket and Sports Ground Trust,Government Services,Allianz Videoboard Upgrade,Work-In-Progress,Moore Park,Sydney,Metropolitan Sydney,2014,2015,7221000,3040000,4181000
Sydney Cricket and Sports Ground Trust,Government Services,Asbestos Removal,New Works,Moore Park,Sydney,Metropolitan Sydney,2015,2016,325000,0,325000
Sydney Cricket and Sports Ground Trust,Government Services,Beverage System Infrastructure,Work-In-Progress,Moore Park,Sydney,Metropolitan Sydney,2014,2016,1287000,137000,1150000
Sydney Cricket and Sports Ground Trust,Government Services,Brewongle Stand Public Address System Upgrade,New Works,Moore Park,Sydney,Metropolitan Sydney,2015,2015,280000,0,280000
Sydney Cricket and Sports Ground Trust,Government Services,Catering Facility Upgrades,New Works,Moore Park,Sydney,Metropolitan Sydney,2015,2016,2000000,0,2000000
Sydney Cricket and Sports Ground Trust,Government Services,Commemorative Sculptures,New Works,Moore Park,Sydney,Metropolitan Sydney,2015,2015,300000,0,300000
Sydney Cricket and Sports Ground Trust,Government Services,Customer Relationship Management and Records System,New Works,Moore Park,Sydney,Metropolitan Sydney,2015,2015,495000,0,495000
Sydney Cricket and Sports Ground Trust,Government Services,Member and Ladies Stand Electronic Residual Protection,New Works,Moore Park,Sydney,Metropolitan Sydney,2015,2015,395000,0,395000
Sydney Cricket and Sports Ground Trust,Government Services,New Administrative Building and Training Facilities,New Works,Moore Park,Sydney,Metropolitan Sydney,2015,2016,500000,0,500000
Sydney Ferries,Transport,Ferry Fleet Replacement,Work-In-Progress,Various,,,2013,2018,TBC,5757000,11753000
Sydney Ferries,Transport,Growth Ferries - Parramatta River,Work-In-Progress,Various,Canada Bay,Metropolitan Sydney,2015,2018,25000000,1000000,2000000
Sydney Harbour Foreshore Authority,Government Services,Campbells Cove Public Domain Upgrade,New Works,Sydney,Sydney,Metropolitan Sydney,2015,2017,10000000,0,5000000
Sydney Harbour Foreshore Authority,Government Services,Darling Harbour Public Domain Upgrade,Work-In-Progress,Sydney,Sydney,Metropolitan Sydney,2012,2024,27873000,2969000,7056000
Ministry of Health,Health,Wagga Wagga Rural Referral Hospital Redevelopment,Work-In-Progress,Wagga Wagga,Wagga Wagga,Murray-Murrumbidgee,2011,2017,270100000,162886000,77106000
Sydney Harbour Foreshore Authority,Government Services,Marine Structures Upgrade,Work-In-Progress,Sydney,Sydney,Metropolitan Sydney,2011,2017,11818000,4318000,4600000
Sydney Harbour Foreshore Authority,Government Services,Sydney International Convention Exhibition and Entertainment Precinct Expansion,Work-In-Progress,Sydney,Sydney,Metropolitan Sydney,2011,2017,38719000,32161000,5277000
Sydney Harbour Foreshore Authority,Government Services,The Goods Line North - Pedestrian and Cycle Corridor,Work-In-Progress,Sydney,Sydney,Metropolitan Sydney,2011,2015,14141000,12339000,1802000
Sydney Harbour Foreshore Authority,Government Services,The Rocks Public Domain Upgrade,Work-In-Progress,Sydney,Sydney,Metropolitan Sydney,2012,2024,53734000,2771000,6550000
Sydney Harbour Foreshore Authority,Government Services,West Circular Quay Public Domain Improvements Stage 1,New Works,Sydney,Sydney,Metropolitan Sydney,2015,2016,800000,0,800000
Sydney Motorway Corporation Pty Ltd and its subsidiaries,Roads,WestConnex Stage 1,Work-In-Progress,Various,"Holroyd,Parramatta,Auburn,Strathfield,Burwood,Canada Bay,Ashfield",Metropolitan Sydney,2014,2019,,105723000,404180000
Sydney Motorway Corporation Pty Ltd and its subsidiaries,Roads,WestConnex Stage 2,Work-In-Progress,Various,"Marrickville,Ashfield,Canterbury,Rockdale,Hurstville",Metropolitan Sydney,2015,2021,,60341000,322871000
Sydney Opera House Trust,Government Services,Theatre Machinery Project,Work-In-Progress,Sydney,Sydney,Metropolitan Sydney,2015,2018,43608000,1508000,7000000
Sydney Opera House Trust,Government Services,Upgrade of Lifts and Escalators,Work-In-Progress,Sydney,Sydney,Metropolitan Sydney,2012,2015,18925000,13125000,"$5,800"
Sydney Opera House Trust,Government Services,Vehicle Access and Pedestrian Safety Project,Work-In-Progress,Sydney,Sydney,Metropolitan Sydney,2011,2015,156981000,153551000,3430000
Sydney Trains,Transport,Waratah Rollingstock - Enabling and Ancillary Works,Work-In-Progress,Various,Sydney,Metropolitan Sydney,2004,2015,677962000,632485000,20881000
Sydney Water Corporation,Utilities,Critical Watermain Program,Work-In-Progress,Various,,,1998,2026,750000000,304798000,29000000
Sydney Water Corporation,Utilities,First Ponds Creek Wastewater Project,Work-In-Progress,The Ponds,Blacktown,Metropolitan Sydney,2013,2016,10200000,10100000,100000
Sydney Water Corporation,Utilities,Green Square Town Centre - Flood Risk Management,Work-In-Progress,Alexandria,Sydney,Metropolitan Sydney,2013,2018,42500000,3300000,14700000
Sydney Water Corporation,Utilities,Growth Works to Service Urban Development,Work-In-Progress,Various,,,1995,2026,3400000000,1038157000,166080000
Sydney Water Corporation,Utilities,Information Technology Projects,Work-In-Progress,Various,,,2001,2026,1250000000,524847000,82000000
Sydney Water Corporation,Utilities,Maintain  Water Distribution Systems,Work-In-Progress,Various,,,1995,2026,2300000000,1362704000,81500000
Sydney Water Corporation,Utilities,Maintenance Plant Renewals,Work-In-Progress,Various,,,2001,2026,70000000,37687000,3100000
Sydney Water Corporation,Utilities,Priority Sewerage Program Bargo,Work-In-Progress,Bargo,Wollondilly,Metropolitan Sydney,2012,2017,49100000,47200000,800000
Sydney Water Corporation,Utilities,Priority Sewerage Program Buxton,Work-In-Progress,Buxton,Wollondilly,Metropolitan Sydney,2012,2017,36000000,33900000,1000000
Sydney Water Corporation,Utilities,Priority Sewerage Program Douglas Park,Work-In-Progress,Douglas Park,Wollondilly,Metropolitan Sydney,2012,2016,14200000,13500000,700000
Sydney Water Corporation,Utilities,Priority Sewerage Program Galston,Work-In-Progress,Galston,Hornsby,Metropolitan Sydney,2012,2016,25400000,20300000,5100000
Sydney Water Corporation,Utilities,Priority Sewerage Program Glenorie,Work-In-Progress,Glenorie,Hornsby,Metropolitan Sydney,2012,2016,16700000,13600000,3100000
Roads and Maritime Services,Roads,"Easing Sydney's Congestion, Pinch Points and Clearways Package 3 (Planning)",,Various ,,Metropolitan Sydney,,,,150000,5850000
Sydney Water Corporation,Utilities,Property Management and Acquisition,work in progress,Various,,,2001,2026,550000000,430399000,31700000
Sydney Water Corporation,Utilities,Riverstone Wastewater Lead-Ins,Work-In-Progress,Riverstone,Blacktown,Metropolitan Sydney,2013,2017,15800000,1300000,5500000
Sydney Water Corporation,Utilities,Sewage Overflow Abatement,Work-In-Progress,Various,,,1995,2026,1400000000,932259000,32700000
Sydney Water Corporation,Utilities,Sewer Network Reliability Upgrades,Work-In-Progress,Various,,,1995,2026,2100000000,1138325000,90900000
Sydney Water Corporation,Utilities,Stormwater Asset Renewals,Work-In-Progress,Various,,,2008,2026,550000000,43300000,21000000
  Sydney Water Corporation ,Utilities,Upgrade Reliability of Sewage Treatment Plants,Work-In-Progress,Various,,,1995,2026,1800000000,667661000,126900000
Sydney Water Corporation,Utilities,Water Meter Replacement Program,Work-In-Progress,Various,,,1995,2026,260000000,127014000,9400000
TAFE Commission,Education,Hunter Institute - Newcastle Campus Block D Refurbishment,Work-In-Progress,Tighes Hill,Newcastle,Hunter,2014,2019,,331000,
TAFE Commission,Education,Illawarra Institute - Growing Flexible Delivery - Information Technology Infrastructure,New Works,Various,,"Illawarra,South East & Tablelands",2015,2018,,0,
TAFE Commission,Education,Mudgee TAFE - Consolidation,Work-In-Progress,Mudgee,Mid-Western Regional,Central West & Orana,2013,2016,6214000,1671000,4543000
TAFE Commission,Education,Nepean College Kingswood TAFE - Health and Support Services Facilities,Work-In-Progress,Kingswood,Penrith,Metropolitan Sydney,2012-13,2016,10974000,9432000,1542000
TAFE Commission,Education,Nepean College Kingswood TAFE - Stage 5,Work-In-Progress,Kingswood,Penrith,Metropolitan Sydney,2013,2016,15437000,12599000,2838000
TAFE Commission,Education,New England Institute - Country NSW Connected Learning - Stage 1,Work-In-Progress,Various,,New England-North West,2014,2018,,100000,
TAFE Commission,Education,North Coast Institute Coffs Harbour Education Campus - Applied Construction and Plumbing Technologies Hub,New Works,Coffs Harbour,Coffs Harbour,North Coast,2015,2018,,0,
TAFE Commission,Education,North Sydney TAFE - Dunbar Building Refurbishment - Stage 2,Work-In-Progress,St Leonards,Willoughby,Metropolitan Sydney,2012,2015,6432000,5747000,685000
TAFE Commission,Education,Northern Sydney Institute Ryde Campus - Hospitality Training Centre,New Works,Ryde,Ryde,Metropolitan Sydney,2015,2018,,0,
TAFE Commission,Education,South Western Sydney Institute Wetherill Park College - Engineering Consolidation,New Works,Wetherill Park,Fairfield,Metropolitan Sydney,2015,2018,,0,
TAFE Commission,Education,TAFE Customer Billing System - Stage 2,Work-In-Progress,Various,,,2014,2016,,4312000,
TAFE Commission,Education,TAFE NSW Business Systems - Strategic Priority Applications Revivification and Consolidation,New Works,Various,,,2015,2016,,0,
TAFE Commission,Education,Taree TAFE - Facilities Upgrade,Work-In-Progress,Taree,Greater Taree,North Coast,2012,2016,,1911000,
TAFE Commission,Education,Ultimo TAFE - New Fashion Design Studio,Work-In-Progress,Ultimo,Sydney,Metropolitan Sydney,2013,2016,,1316000,
TAFE Commission,Education,Ultimo TAFE - Relocation of Building U,Work-In-Progress,Ultimo,Sydney,Metropolitan Sydney,2013,2016,,1924000,
TAFE Commission,Education,Western Institute - TAFE Western Connect - Stage 1,Work-In-Progress,Various,,"Central West & Orana,Far West",2014,2017,,432000,
TAFE Commission,Education,Western Institute - TAFE Western Connect - Stage 2,New Works,Various,,"Central West & Orana,Far West",2015,2019,,0,
TAFE Commission,Education,Wetherill Park TAFE - New Transport Engineering Technology Centre,Work-In-Progress,Wetherill Park,Fairfield,Metropolitan Sydney,2013,2016,8953000,2989000,5964000
TAFE Commission,Education,Young TAFE - New Facilities,Work-In-Progress,Young,Young,South East & Tablelands,2013,2017,,815000,
Teacher Housing Authority of New South Wales,Community Services,Land Purchases,Work-In-Progress,Various,,,2013,2015,1158000,808000,350000
Teacher Housing Authority of New South Wales,Community Services,New Houses to Meet Demand Growth,New Works,Various,,,2015,2016,4931000,0,4931000
Teacher Housing Authority of New South Wales,Community Services,System Development,New Works,Sydney,Sydney,Metropolitan Sydney,2015,2016,250000,0,250000
The Legislature,Government Services,Core Network Infrastructure Replacement,New Works,Sydney,Sydney,Metropolitan Sydney,2015,2016,1364000,0,1364000
The Legislature,Government Services,Disabled Access Toilets Upgrade at Parliament House,New Works,Sydney,Sydney,Metropolitan Sydney,2015,2017,2200000,0,900000
The Legislature,Government Services,Electorate Office IT Infrastructure Replacement,Work-In-Progress,Sydney,Sydney,Metropolitan Sydney,2014,2016,4859000,3673000,1186000
The Legislature,Government Services,Establishment of 6 New Electorate Offices,Work-In-Progress,Sydney,Sydney,Metropolitan Sydney,2014,2016,1084000,255000,829000
The Legislature,Government Services,Fire and Smoke System Upgrade,Work-In-Progress,Sydney,Sydney,Metropolitan Sydney,2013,2016,2995000,2230000,765000
The Legislature,Government Services,Historic Buildings Roof Replacement,New Works,Sydney,Sydney,Metropolitan Sydney,2015,2016,2175000,0,2175000
The Legislature,Government Services,Historical Building Restoration,New Works,Sydney,Sydney,Metropolitan Sydney,2015,2017,2005000,0,805000
The Legislature,Government Services,Legislative Assembly Air Conditioning System,Work-In-Progress,Sydney,Sydney,Metropolitan Sydney,2014,2016,1138000,204000,934000
The Legislature,Government Services,Level 7 Seminar Space Upgrade,New Works,Sydney,Sydney,Metropolitan Sydney,2015,2016,1860000,0,1860000
The Legislature,Government Services,Lotus Notes/Domino Replacement,Work-In-Progress,Sydney,Sydney,Metropolitan Sydney,2014,2016,4884000,1810000,3074000
The Legislature,Government Services,Managed Print Services for Electorate Offices,New Works,Sydney,Sydney,Metropolitan Sydney,2015,2016,1030000,0,1030000
The Legislature,Government Services,Members Accommodation Post Election Changes,New Works,Sydney,Sydney,Metropolitan Sydney,2015,2016,250000,0,250000
The Legislature,Government Services,Online Processing of Members' Claims Entitlement,New Works,Sydney,Sydney,Metropolitan Sydney,2015,2017,1844000,0,1025000
The Legislature,Government Services,"Parliamentary Records Digitisation, Preservation and Access",Work-In-Progress,Sydney,Sydney,Metropolitan Sydney,2014,2016,1399000,515000,884000
Sydney Water Corporation,Utilities,Water Meter Replacement Program,Work-In-Progress,Various,,,1995,2026,260000000,127014000,9400000
The Legislature,Government Services,Replacement of Main Electrical Switchboards and Bus Ducts,Work-In-Progress,Sydney,Sydney,Metropolitan Sydney,2014,2016,4880000,400000,4480000
The Legislature,Government Services,Tower Block Fit-out,New Works,Sydney,Sydney,Metropolitan Sydney,2015,2016,3153000,0,3153000
The Legislature,Government Services,Upgrade of the Legislature's Security Systems,New Works,Sydney,Sydney,Metropolitan Sydney,2015,2016,1890000,0,1890000
The Treasury,Government Services,Financial Management Transformation Program,Work-In-Progress,Sydney,Sydney,Metropolitan Sydney,2013,2017,54290000,4990000,162870000
TransGrid,Utilities,Line Works,Work-In-Progress,Various,,,,,296056000,95444000,36157000
TransGrid,Utilities,Substation,Work-In-Progress,Various,,,,,2057092000,1208658000,215678000
TransGrid,Utilities,Transformers and Equipment,Work-In-Progress,Various,,,,,849544000,633777000,69782000
Transport for NSW,Transport,51 Replacement Buses for Private Operators  ,New Works,Various,,,2015,2016,23576000,0,23576000
Transport for NSW,Transport,58 Replacement Buses for State Transit Authority  ,New Works,Various,,,2015,2016,26812000,0,26812000
Transport for NSW,Transport,80 Growth Buses  ,New Works,Various,,"Metropolitan Sydney,Hunter",2015,2016,41122000,0,41122000
Roads and Maritime Services,Roads,Bells Line of Road Castlereagh Connection Corridor Preservation,,Various,"Blacktown,Penrith,Hawkesbury",Metropolitan Sydney,,,,2000000,3580000
Transport for NSW,Transport,Barangaroo Ferry Hub  ,Work-In-Progress,Sydney,Sydney,Metropolitan Sydney,2014,2017,,8201000,17439000
Transport for NSW,Transport,Cargo Movement Coordination Centre  ,New Works,Various,Botany Bay,Metropolitan Sydney,2015,,,0,5000000
Transport for NSW,Transport,CBD and South East Light Rail  ,Work-In-Progress,Various,"Randwick,Sydney",Metropolitan Sydney,2011,2019,2100000000,349634000,120023000
Transport for NSW,Transport,Country Rail Capital Maintenance  ,New Works,Various,,"Central West & Orana,South East & Tablelands,Murray-Murrumbidgee,New England-North West,Far West",2015,2016,104794000,0,104794000
Transport for NSW,Transport,Customer Experience - Journey Planner Website and Wayfinding  ,Work-In-Progress,Various,,,2012,,,79561000,40173000
Transport for NSW,Transport,Enterprise Asset Management (EAM) Program  ,Work-In-Progress,Various,,,2015,2018,,41619000,84900000
Transport for NSW,Transport,Integrated Road and Transport Operations Management Systems  ,New Works,Various,,,2015,,,0,12057000
Transport for NSW,Transport,Main Western Rail Line Capacity Enhancements - Stage 1 (Planning) ,New Works,Lithgow,"Lithgow,Bathurst Regional",Central West & Orana,2015,,,0,4000000
Transport for NSW,Transport,Newcastle Urban Renewal and Transport Program - Light Rail Project,Work-In-Progress,Various,Newcastle,Hunter,2014,,,69181000,102550000
Transport for NSW,Transport,Next Generation Information Systems  ,Work-In-Progress,Various,,,2014,,336851000,113429000,103990000
Transport for NSW,Transport,Opal - Delivery Phase  ,Work-In-Progress,Various,,"Metropolitan Sydney,Central Coast,Hunter,Illawarra",2011,2016,,397878000,76460000
Transport for NSW,Transport,Parramatta Light Rail (Planning)  ,Work-In-Progress,Various,Parramatta,Metropolitan Sydney,2015,2016,,3914000,18756000
Transport for NSW,Transport,Regional Freight Rail Sidings Extensions  ,Work-In-Progress,Various,"Coolamon,Warren","Murray-Murrumbidgee,Central West & Orana",2014,2018,,1700000,5000000
Transport for NSW,Transport,Southern Sydney Freight Line Amplification (Planning)  ,New Works,Sefton,"Bankstown,Fairfield,Liverpool",Metropolitan Sydney,2015,,,0,3000000
,Transport,Transport Service Systems - Passes and Schemes Reform and Customer Entitlement Management ,Work-In-Progress,Various,,,2013,2016,38333000,22457000,15876000
Venues NSW,Government Services,Pirtek Stadium Upgrade,Work-In-Progress,Parramatta,Parramatta,Metropolitan Sydney,2013,2016,29000000,10000000,19000000
Venues NSW,Government Services,Venues NSW Stadia Capitalised Maintenance,New Works,Various,"Parramatta,Wollongong,Newcastle","Metropolitan Sydney,Illawarra,Hunter",2015,,,0,
Waste Assets Management Corporation,Utilities,Environmental Systems,Work-In-Progress,Eastern Creek,,,2012,2019,1376000,380000,650000
Waste Assets Management Corporation,Utilities,Landfill Site Development,Work-In-Progress,Eastern Creek,,,2010,2017,11137000,10173000,456000
Waste Assets Management Corporation,Utilities,Plant and Equipment Replacement,Work-In-Progress,Eastern Creek,,,2011,2019,5641000,3619000,1217000
Water NSW,Utilities,Burrendong Cold Water Pollution,Work-In-Progress,Various,Wellington,Central West & Orana,2012,2016,3865000,3860000,5000
Water NSW,Utilities,Burrinjuck Dam Cableway Upgrade,Work-In-Progress,Yass,Yass Valley,South East & Tablelands,2012,2018,8238000,2875000,12000
Water NSW,Utilities,Catchments Upgrade,Work-In-Progress,Various,,,1998,2030,34652000,2870000,1113000
Water NSW,Utilities,Chaffey Augmentation,Work-In-Progress,Tamworth,Tamworth Regional,New England-North West,2013,2016,29202000,23613000,5589000
Water NSW,Utilities,Chaffey Dam Upgrade Phase 2,Work-In-Progress,Bowling Alley Point,Tamworth Regional,New England-North West,2012,2016,13963000,3540000,10423000
Water NSW,Utilities,Fishways Downstream of Burrendong Dam,Work-In-Progress,Wellington,Wellington,Central West & Orana,2012,2019,3509000,1435000,15000
Water NSW,Utilities,Fishways Downstream of Copeton Dam,Work-In-Progress,Inverell,Gwydir,New England-North West,2011,2020,10702000,1549000,43000
Water NSW,Utilities,Fishways Downstream of Keepit Dam,Work-In-Progress,Gunnedah,Gunnedah,New England-North West,2011,2018,13767000,9781000,496000
Water NSW,Utilities,Fishways Downstream of Wyangala,Work-In-Progress,Cowra,Cowra,Central West & Orana,2012,2020,14904000,300000,15000
Water NSW,Utilities,General Upgrades,Work-In-Progress,Various,,,1999,2030,126389000,8499000,6245000
Water NSW,Utilities,"Integrated Surveillance Monitoring, Automation and Remote Telemetry",Work-In-Progress,Various,,,2010,2024,38705000,13370000,3929000
Water NSW,Utilities,Keepit Dam Upgrade - Phase 1,Work-In-Progress,Keepit,Gunnedah,New England-North West,1994,2020,168256000,83495000,1323000
Water NSW,Utilities,Lake Brewster - Urgent Component,Work-In-Progress,Hillston,Carrathool,Murray-Murrumbidgee,2014,2017,3295000,362000,2408000
Water NSW,Utilities,Menindee Fuse Plug,Work-In-Progress,Menindee,Central Darling,Far West,2012,2016,2781000,1369000,1412000
Water NSW,Utilities,Metropolitan Dams Upgrade,Work-In-Progress,Various,,,1998,2019,41716000,969000,3764000
Water NSW,Utilities,North Macquarie Marshes Refurbishment,Work-In-Progress,Warren,Warren,Central West & Orana,2015,2016,3051000,34000,2839000
Water NSW,Utilities,Prospect Reservoir Upgrade,Work-In-Progress,Prospect,Blacktown,Metropolitan Sydney,1998,2016,88729000,15737000,8807000
Water NSW,Utilities,Shoalhaven System Upgrade,Work-In-Progress,Various,,,1998,2019,64057000,4121000,11336000
Water NSW,Utilities,State Wide Metering,Work-In-Progress,Various,,,2013,2018,27673000,9515000,18110000
Water NSW,Utilities,Upper Canal Upgrade,Work-In-Progress,Various,,,1998,2030,109498000,3973000,9982000
Water NSW,Utilities,Warragamba Dam General Upgrade,Work-In-Progress,Warragamba,Wollondilly,Metropolitan Sydney,1997,2026,84688000,829000,1763000
Water NSW,Utilities,Warragamba Pipelines Upgrade,Work-In-Progress,Various,,,1998,2022,30080000,752000,448000
Water NSW,Utilities,Water For Rivers - Computer Aided River Management,Work-In-Progress,Various,,,2011,2016,8891000,8883000,8000
Water NSW,Utilities,Water For Rivers - Other Water Saving Projects,Work-In-Progress,Various,,,2010,2016,"22,647",22539000,108000
Water NSW,Utilities,Wyangala Dam Upgrade - Phase 1,Work-In-Progress,Wyangala,Boorowa,South East & Tablelands,1998,2020,91047000,43139000,2353000
Western Sydney Parklands Trust,Government Services,Conservation Works,Work-In-Progress,Various,"Fairfield,Blacktown,Liverpool",Metropolitan Sydney,2008,2024,12708000,5643000,772000
  Western Sydney Parklands Trust ,Government Services,Development of Bungarribee Park,Work-In-Progress,Eastern Creek,Blacktown,Metropolitan Sydney,2008,2019,22815000,7314000,5425000
Western Sydney Parklands Trust,Government Services,Eastern Creek Business Hub,Work-In-Progress,Eastern Creek,Blacktown,Metropolitan Sydney,2012,2018,14908000,2308000,6200000
Western Sydney Parklands Trust,Government Services,Horsley Drive Business Hub,Work-In-Progress,Horsley Park,Fairfield,Metropolitan Sydney,2012,2017,18592000,3912000,14180000
Western Sydney Parklands Trust,Government Services,Multipurpose Pathway,Work-In-Progress,Various,"Fairfield,Blacktown,Liverpool",Metropolitan Sydney,2009,2024,18426000,7146000,800000
Western Sydney Parklands Trust,Government Services,Signage and Track Improvements,Work-In-Progress,Various,"Fairfield,Blacktown,Liverpool",Metropolitan Sydney,2009,2024,7398000,4531000,405000
Western Sydney Parklands Trust,Government Services,Upgrade and Improve Park Facilities,Work-In-Progress,Various,Fairfield,Metropolitan Sydney,2010,2024,47958000,3061000,4000000
Zoological Parks Board of New South Wales,Government Services,Taronga Institute of Science and Learning,New Works,Mosman,Mosman,Metropolitan Sydney,2015,2018,23272000,0,2500000
Zoological Parks Board of New South Wales,Government Services,Taronga Zoo - Construction and Restoration Projects,Work-In-Progress,Mosman,Mosman,Metropolitan Sydney,2001,2017,249701000,224228000,10543000
Zoological Parks Board of New South Wales,Government Services,Visitor Experience - Taronga Western Plains Zoo,New Works,Dubbo,Dubbo,Central West & Orana,2015,2025,48851000,0,2781000
Zoological Parks Board of New South Wales,Government Services,Visitor Experience - Taronga Zoo,New Works,Mosman,Mosman,Metropolitan Sydney,2015,2025,114768000,0,1805000
Zoological Parks Board of New South Wales,Government Services,Western Plains Zoo - Construction and Restoration Projects,Work-In-Progress,Dubbo,Dubbo,Central West & Orana,2001,2016,-34842000,34077000,765000
